approved,approval_rate,threshold,npv_total,npv_per_applicant,accuracy,precision,recall,f1
0,0.0,0.0,0.0,0.0,0.07175399933772565,0.07175399933772565,1.0,0.13390012891403244
439,0.004996926719329797,0.0005567821735804164,607276.2927146158,6.912335155082475,0.07676673099101362,0.07211549496201428,1.0,0.13452933998415792
878,0.009993853438659593,0.0006775604665710076,1360440.2707433193,15.485239952003543,0.08177946264430158,0.072480651449267,1.0,0.13516449243410086
1317,0.014990780157989391,0.0007669607428052805,2176189.537093643,24.770523107583525,0.08679219429758955,0.07284952469278924,1.0,0.13580567081604428
1757,0.01999908939831994,0.0008442363709943033,2924518.1657779426,33.28838943904595,0.09181634447400573,0.07322302493591237,1.0,0.13645444280378702
2196,0.024996016117649737,0.000913918196272219,3715132.080578892,42.28756892775391,0.09681765760416548,0.07359865076948303,1.0,0.13710645168328497
2635,0.029992942836979536,0.0009762912159728647,4691949.000408205,53.406208031600215,0.10179613368806878,0.07396637784893577,0.9998408656906429,0.13774279826369096
3074,0.03498986955630933,0.0010335753583317112,5632428.094085095,64.11123106614491,0.10680886534135675,0.07435063014022839,0.9998408656906429,0.13840883807509718
3514,0.03999817879663988,0.001092868920067374,6623150.573394679,75.3881504928026,0.11183301551777293,0.07473978469041813,0.9998408656906429,0.13908288968333904
3953,0.04499510551596968,0.0011483829153229566,7649645.793252251,87.07225389000217,0.11682291012480446,0.07513033912086861,0.9998408656906429,0.1397588753447816
4392,0.04999203223529947,0.0012048879077331829,8542267.483460106,97.23253902451916,0.12181280473183598,0.07551479161908425,0.9996817313812858,0.14042225028779629
4831,0.05498895895462927,0.0012518793666817492,9561854.54489311,108.83801016337458,0.12682553638512395,0.07591540785498489,0.9996817313812858,0.1411146303659276
5271,0.05999726819495982,0.001302859372351583,10591573.551562227,120.55880838165852,0.13184968656154014,0.07632122463856153,0.9996817313812858,0.14181547283111723
5710,0.06499419491428962,0.0013553861352690686,11721903.178565737,133.42480909879728,0.13686241821482809,0.0767304662212505,0.9996817313812858,0.14252169474221543
6149,0.06999112163361941,0.0014063386777834177,12942704.276631802,147.32060323527446,0.14187514986811606,0.07714412024756852,0.9996817313812858,0.1432349856354599
6589,0.07499943087394996,0.0014563240317812555,13941868.296770215,158.69360867769498,0.14683078890576293,0.0775261754247333,0.9992043284532145,0.143888354186718
7028,0.07999635759327976,0.001507868494289272,15107137.32365528,171.9573078477392,0.1518435205590509,0.07794867975121969,0.9992043284532145,0.1446157743818879
7467,0.08499328431260955,0.0015528733852684027,16227661.451057563,184.71169725974414,0.15683341516608243,0.07836333225154156,0.9990451941438574,0.145327438135142
7906,0.08999021103193935,0.001599059741728818,17366820.25566136,197.67819627633756,0.16184614681937037,0.07879510511452777,0.9990451941438574,0.1460696378506032
8346,0.0949985202722699,0.0016452230730323576,18463664.770251274,210.16305199821608,0.1667561117645044,0.07916955890704866,0.9982495225970719,0.14670424116278258
8785,0.09999544699159969,0.0016886692415644068,19597650.538640734,223.07066882146214,0.17176884341779233,0.07961064013401696,0.9982495225970719,0.14746121297602258
9224,0.1049923737109295,0.0017351157154274592,20833773.803803153,237.14086784669058,0.1767244824554392,0.08003011817555324,0.9979312539783577,0.1481770279530257
9663,0.1099893004302593,0.0017823673501703066,22018315.134002313,250.62393441394033,0.18166870296995788,0.08045327960370119,0.9976129853596435,0.14889852146547117
10103,0.11499760967058985,0.0018289804144838385,23270608.247369424,264.8781870759376,0.18664717905386116,0.0808843458396252,0.9972947167409294,0.14963290156986808
10542,0.11999453638991964,0.0018736077724569292,24334153.64754585,276.98401492869823,0.19152288842961052,0.081267360660419,0.9963399108847868,0.1502772243957468
10981,0.12499146310924944,0.0019197782456576895,25412862.422496274,289.262440213266,0.19645569042100094,0.08169286199154091,0.9958625079567155,0.1509989383264164
11421,0.12999977234958,0.001964152716858742,26509964.251422107,301.75022482097694,0.20143416650490426,0.08213854314374246,0.9955442393380013,0.15175625849019989
11860,0.1349966990689098,0.0020134769163407977,27503215.123855654,313.05592373546625,0.20636696849629468,0.08257401685022317,0.99506683640993,0.15249359834166565
12299,0.13999362578823957,0.00206331822848718,28513796.917112567,324.55889222018993,0.21131118901081333,0.08301566007411638,0.9945894334818587,0.15324073506515795
12738,0.14499055250756937,0.0021108266885749073,29881237.610059254,340.12381462493744,0.21620973543281913,0.08343576314664386,0.9937937619350732,0.1539466548340975
13178,0.14999886174789992,0.0021567231791782353,31016539.41985194,353.0464113170936,0.2211082818548249,0.08386082328750555,0.9929980903882877,0.1546602555364158
13617,0.15499578846722972,0.0022057751686529775,32199792.103008296,366.5148098323161,0.2260867579387282,0.08434386448743426,0.9928389560789306,0.15547940938259297
14056,0.15999271518655953,0.00225507358929517,33230252.82765271,378.2440506710305,0.2310538154995033,0.08482021432845564,0.9925206874602164,0.15628445424476298
14495,0.16498964190588933,0.0023074226276306735,34442270.1506782,392.03986330364245,0.23604371010653483,0.08531596732929282,0.9923615531508593,0.1571236000352747
14935,0.16999795114621988,0.002353927362539252,35606329.258620754,405.2897905459143,0.24102218619043814,0.08580512848746782,0.9920432845321451,0.1579487439350368
15374,0.17499487786554965,0.002405111679208989,36893060.317192614,419.9360338424274,0.24594356965870035,0.08627136012407566,0.9914067472947168,0.15873015873015872
15813,0.17999180458487946,0.0024513811781151336,37907045.48231748,431.47774127891137,0.2508763716500908,0.08675601872492197,0.9909293443666455,0.1595439405585447
16252,0.18498873130420926,0.0025024115870864996,38963940.03611093,443.5078657330449,0.25582059216460945,0.0872478517459383,0.9904519414385742,0.16036897231419334
16692,0.1899970405445398,0.0025550503288714888,40106972.21079551,456.5184534659265,0.26074197563287166,0.08773167085108184,0.9898154042011458,0.16117747661371823
17131,0.1949939672638696,0.0026044879441045796,41416800.1708277,471.4275977283641,0.26570903319364675,0.08824990419960545,0.9894971355824316,0.16204735285302896
17570,0.19999089398319939,0.002650222933581848,42753376.88870256,486.6412102886898,0.2706189981387807,0.08874480512988961,0.9888605983450032,0.16287268199986896
18010,0.20499920322352994,0.0026996201920437227,43916128.70142417,499.87625721565513,0.2755289630839147,0.08923413000675472,0.9880649267982177,0.16368549396955118
18449,0.20999612994285974,0.0027523096869678226,44887310.2060764,510.9307510879004,0.2803818354134076,0.08971132708550272,0.9871101209420751,0.16447473086917325
18888,0.21499305666218954,0.0028046481537405722,45792043.74891972,521.2288996393985,0.2851776151272594,0.09015224288999506,0.9856779121578613,0.16519535938125085
19327,0.21998998338151934,0.002861713527131642,47094339.92363696,536.0523131973155,0.29012183564177807,0.09068803374983521,0.98520050922979,0.1660876446996016
19767,0.2249982926218499,0.002914288487444919,48455953.74520084,551.5509111161796,0.29507747467942497,0.09123210520884013,0.9847231063017187,0.16699275411207512
20206,0.2299952193411797,0.002966041929832006,49646727.568069465,565.1049191621265,0.29993034700891785,0.09173467873571746,0.9837683004455761,0.16782039796943288
20645,0.23499214606050947,0.0030204456936757753,51176243.3445405,582.5146646087884,0.3048288934309236,0.09226150468252901,0.9829726288987906,0.16868983409571928
21084,0.23998907277983927,0.0030741880758801705,52518335.84587933,597.7910606902285,0.30973885837605764,0.09280892457113647,0.9823360916613622,0.16959490088877288
21524,0.24499738202016982,0.0031269432107227857,53719589.75211612,611.4643585052032,0.31469449741370453,0.09338156281688435,0.9818586887332909,0.17054327846649256
21963,0.24999430873949963,0.0031836120646619873,54755249.78167684,623.2527805413167,0.31957020678945386,0.09391473931194198,0.9809038828771484,0.17141744764871103
22402,0.2549912354588294,0.00323624432147628,55727231.76703122,634.3163859019648,0.32436598650330567,0.09440763237008405,0.9794716740929345,0.1722160044767767
22842,0.25999954469916,0.0032930333934771553,56822696.05269836,646.785531139144,0.32925311440218324,0.09495645191179196,0.9785168682367918,0.17311373873873875
23281,0.26499647141848975,0.0033503625609507363,58197597.67112419,662.4353776848429,0.33418591639357365,0.09555645386983426,0.9780394653087205,0.17410271663692245
23720,0.2699933981378196,0.0034094344729895753,59209339.77433641,673.9515534220003,0.3391301369080923,0.09616618920145902,0.9775620623806492,0.17510653763379558
24159,0.27499032485714936,0.003467579352195273,60059016.320483886,683.6230145523697,0.3440401018532263,0.09676707492000441,0.9769255251432208,0.17609178917174614
24599,0.27999863409747994,0.003534559989920207,61241216.82775502,697.0794366534822,0.34899574089087315,0.09739527944000889,0.9764481222151495,0.1771234754997474
25038,0.2849955608168097,0.0035968398401972014,62312519.57755397,709.2735627012313,0.35383719469723784,0.09796525102696482,0.97533418204965,0.1780469737243453
25477,0.2899924875361395,0.0036608261328667964,63584319.347077,723.7498502865777,0.35866722998047434,0.09852874895370549,0.9740611075747931,0.1789556776985148
25916,0.2949894142554693,0.003722176401210486,64715384.82533169,736.6242268460364,0.3634515911711979,0.09906784469482045,0.9724697644812221,0.1798172696376289
26356,0.29999772349579984,0.0037856117634559035,65684614.72564495,747.6565065409083,0.3683615561163319,0.09969793452526737,0.9716740929344366,0.18084082394230627
26795,0.30499465021512967,0.003849835078418934,66897344.72784031,761.460431259138,0.3732601025383377,0.10033549320790712,0.9708784213876511,0.18187509315844388
27234,0.30999157693445945,0.003917025677956745,67638344.19863382,769.8948732969907,0.37809013782157413,0.10094584969106661,0.9697644812221515,0.18285748578458583
27674,0.31499988617478997,0.003984693304476189,68742357.39436541,782.4613266825121,0.3830686139054775,0.10165362345442107,0.9694462126034373,0.18401220304169877
28113,0.3199968128941198,0.004055770180647037,69833310.04059552,794.8791180890513,0.3878187195268164,0.1022171420887193,0.9676957352005092,0.18490307867730899
28552,0.3249937396134496,0.004125715327050493,70778773.5876824,805.6408767692125,0.39268301037943754,0.10287368973633855,0.9667409293443666,0.18595895128334633
28991,0.3299906663327794,0.004191803231121038,71587980.08717346,814.851686743614,0.39741027895452,0.10343768659899343,0.9648313176320815,0.18684417325382516
29431,0.3349989755731099,0.0042597688053603875,72769808.18059142,828.3038698362217,0.4021832216221154,0.10404455368960241,0.9632399745385105,0.18780347807201253
29870,0.33999590229243976,0.004337246752415862,73980873.06029212,842.0888412626872,0.4070360939516083,0.10471439952890645,0.9621260343730108,0.18887257505232574
30309,0.34499282901176953,0.004407049065900864,74749103.76170832,850.8332433549789,0.41171768843417794,0.10528428327109002,0.9600572883513686,0.18975875192652472
30748,0.3499897557310993,0.004480945790361655,75452515.87845775,858.8398465460623,0.41647921257864506,0.10591752396025675,0.9584659452577976,0.1907551980237217
31188,0.3549980649714299,0.004553265887458367,76352316.43962802,869.0818453300706,0.4212978293387533,0.10658396101019052,0.9570337364735837,0.19180659873383407
31627,0.35999499169075966,0.004624880591156032,77632322.57466452,883.6515420432139,0.42604793496009224,0.10722131923482237,0.9552832590706556,0.19280242809654577
32066,0.3649919184100895,0.004702706445611289,78333018.3483303,891.6272264021025,0.4307980405814312,0.10786872850996418,0.9535327816677276,0.19381236556531306
32505,0.36998884512941926,0.0047825770217315685,79746809.03984486,907.7197286389334,0.43560523881841123,0.10856468880420976,0.9521005728835137,0.19490503958041502
32945,0.3749971543697498,0.004854349710433538,80025693.1119257,910.8941324461687,0.44011555545405756,0.10904834196038264,0.9487587523870147,0.19561330117951997
33384,0.3799940810890796,0.0049369758623917705,81296107.77323431,925.3546540081761,0.4449341722141658,0.10978150640730155,0.9474856779121579,0.19676465242320593
33823,0.3849910078084094,0.005015093509625017,82444274.45751172,938.4236854043268,0.4497870445436587,0.11054725258383523,0.9463717377466582,0.1979693741677763
34263,0.38999931704873997,0.005101472755674306,83086708.69690384,945.7362066258091,0.45452573164186943,0.111231890848436,0.944462126034373,0.19902416123136765
34702,0.39499624376806974,0.005184397367170927,84245603.13684104,958.9273469260482,0.45919590760131085,0.11187119694621868,0.9420751113940166,0.19999324347150435
35141,0.3999931704873996,0.005264129832465632,85067890.4677473,968.2870497387404,0.4639802687920344,0.11263123797183743,0.9406429026098027,0.20117416829745596
35580,0.40499009720672935,0.005353520922004787,85928334.79817192,978.0810753997761,0.46859335213583475,0.1132525027381204,0.937937619350732,0.20210194249661392
36020,0.40999840644705987,0.005440540802606118,86501204.74539497,984.6017796047416,0.47337771332655837,0.11402216882412217,0.936346276257161,0.20328911000552793
36459,0.4149953331663897,0.005525070671475339,87206252.73069517,992.6270031039585,0.4780250522397433,0.1146877748460862,0.9338001273074474,0.20428554021828058
36898,0.4199922598857195,0.005616372846291791,87888669.60831344,1000.3946275447156,0.4826838096760565,0.11539750438605137,0.9315722469764481,0.2053566730394822
37337,0.4249891866050493,0.005705364884657754,88503976.91036901,1007.3983758322787,0.4873996597280108,0.11614635116325313,0.9295035009548058,0.2064906140629971
37777,0.42999749584537983,0.005798674369827942,89617973.90749818,1020.0784700468753,0.4920469986411957,0.1168482076588233,0.9269573520050923,0.20753540571835755
38216,0.43499442256470966,0.0058898863204505944,90838031.67392384,1033.965803195345,0.496865615401304,0.11772205694857629,0.9256842775302355,0.2088801910336284
38655,0.43999134928403943,0.005982614402125082,91585733.46637,1042.4765345501628,0.5015928839763865,0.11852986217457886,0.9237746658179503,0.21010152192403048
39095,0.44499965852436996,0.0060787823619406905,92297179.92524171,1050.57458880918,0.5062516414126996,0.11927475018028227,0.9212285168682368,0.211204144548423
39534,0.4499965852436998,0.006173798786916535,93419806.03526393,1063.3529040824997,0.5110131655571668,0.12013473053892215,0.9194780394653087,0.2125045972784112
39973,0.45499351196302956,0.006272517054759259,93809696.13668114,1067.7908363498661,0.5157518526553776,0.1209895713116646,0.9175684277530235,0.21378913998628132
40412,0.4599904386823594,0.006376990616309215,94429316.9592438,1074.8436833751884,0.520319261906665,0.12170948135284525,0.9145448758752387,0.21482907500513987
40852,0.4649987479226899,0.006482882938203912,95421950.9187306,1086.1423602651057,0.5250693675280039,0.12259774685222001,0.9126352641629535,0.21615815163108004
41291,0.4699956746420197,0.0066002948872560694,96347779.43452291,1096.6806227892062,0.5298194731493429,0.12351912992814139,0.9108847867600255,0.2175391923990499
41730,0.4749926013613495,0.006712565367071749,97232320.20245135,1106.7489266561722,0.5344439750162714,0.12433009454925711,0.9081795035009548,0.21871766374123328
42169,0.4799895280806793,0.006821158156922753,97708884.08882117,1112.1734251009764,0.5390798954063282,0.12517596339961287,0.9056333545512413,0.21995052948906238
42609,0.4849978373210099,0.006932600476947137,98441467.29266933,1120.5120688035756,0.5437043972732567,0.1260188784008884,0.9029280712921706,0.22116977528308876
43048,0.48999476404033965,0.007047052191332579,98888556.13959196,1125.6010669928742,0.5482261324320312,0.12678583443604638,0.8995862507956716,0.22224843230917415
43487,0.4949916907596695,0.007163728890471183,99993629.95936841,1138.1795929538598,0.5528734713452162,0.12768415330252786,0.897040101845958,0.22354854060913704
43927,0.5,0.007277339905518773,99752751.74383615,1135.4377916069404,0.5573837879808625,0.1284632455558352,0.8935391470401018,0.22463144840277643
44366,0.5049969267193298,0.007397658224298526,100788008.45786335,1147.2216228955238,0.5619968713246629,0.12937071017540616,0.8908338637810312,0.22593078397739885
44805,0.5099938534386596,0.007522718717100351,101558124.53682007,1155.9874853372648,0.5667355584228736,0.1304165110197983,0.888924252068746,0.2274615196677254
45244,0.5149907801579894,0.007640597752633865,102529581.51000166,1167.0451147358306,0.57124587505852,0.13124808340999694,0.8854232972628899,0.22860899398073012
45684,0.51999908939832,0.007767881880209885,102989990.0542342,1172.2857246594829,0.5757790287404227,0.13212089431281882,0.8820814767663908,0.229818815042083
46123,0.5249960161176498,0.007899347655246726,103705160.7485063,1180.4261701061566,0.5803007638991973,0.13300896040080934,0.8787396562698918,0.23104602510460256
46562,0.5299929428369795,0.008021772122073013,104334686.48989223,1187.5917600779956,0.5849024287198694,0.1339922584414636,0.875875238701464,0.23242752475665632
47001,0.5349898695563093,0.008143788931268577,104350053.03135094,1187.7666700588584,0.5894127453555157,0.13489837098282395,0.8723742838956079,0.23366437918247304
47441,0.5399981787966399,0.008297632284623076,104998105.64413244,1195.1431425334354,0.5940029916530596,0.13590228369570626,0.8693507320178231,0.2350587324125468
47880,0.5449951055159696,0.008453357270341709,105172762.17441905,1197.131174157341,0.598513308288706,0.13684951834804698,0.8658497772119669,0.23634428686228093
48319,0.5499920322352995,0.008608038385146467,105337887.90164243,1199.0107212152257,0.6030350434474805,0.13783983113349102,0.8625079567154679,0.2376932353908563
48758,0.5549889589546293,0.008753689706103551,106094271.6709168,1207.6202753536184,0.6075339415599986,0.13884531310273884,0.8591661362189688,0.23905776085368283
49198,0.5599972681949599,0.008902278485307797,106722990.26011075,1214.7766778986813,0.612101350811286,0.13993289463417172,0.856142584341184,0.24054905993606224
49637,0.5649941949142896,0.009060910803295335,106118077.74957505,1207.8912485438916,0.6166230859700607,0.14099292272882738,0.852800763844685,0.24197954530061183
50076,0.5699911216336194,0.009225545954194359,105955396.376254,1206.0395243956336,0.6210763099900659,0.14199781746559847,0.8489815404201145,0.24330178998973892
50516,0.57499943087395,0.009403648185075783,106802911.82047942,1215.6863867379905,0.6257122303801226,0.14324186033985942,0.846435391470401,0.24501923209802612
50955,0.5799963575932797,0.009582174712231401,106907297.6383406,1216.874560501976,0.6300398506457174,0.1441380062135499,0.8416613621896881,0.24612592489180513
51394,0.5849932843126096,0.009751014331128582,107066758.6636945,1218.6896289718682,0.6345159117119792,0.14524492497793468,0.8380012730744748,0.24757874941231783
51833,0.5899902110319394,0.00992368555846015,107151143.38446265,1219.6501398281541,0.6389691357319844,0.14635099670556703,0.8341820496499045,0.24901429860814214
52273,0.5949985202722698,0.010090584623727854,108138685.00667915,1230.8908530821493,0.6434223597519897,0.14746452597659562,0.8302036919159771,0.25044404973357015
52712,0.5999954469915997,0.010271340743475967,109372377.89999281,1244.9333883487695,0.6480011875264053,0.14879368077616553,0.8273392743475493,0.2522255912674348
53151,0.6049923737109295,0.01046492738748079,110145024.87213191,1253.7280587353098,0.6526142708702056,0.15018983856476248,0.8246339910884787,0.2541005712604506
53590,0.6099893004302593,0.010651145365272414,110371753.99660863,1256.308807756148,0.6569533096589287,0.15126963158667253,0.8200190961171229,0.2554214478673573
54030,0.6149976096705898,0.010849804673015712,111143974.77772108,1265.098627014377,0.6612695114013953,0.1523478157433015,0.81524506683641,0.25672120468041393
54469,0.6199945363899196,0.011048394100735255,111596694.91577648,1270.2517234932557,0.6655514575744773,0.1533988188501868,0.8101527689369828,0.2579550060802594
54908,0.6249914631092495,0.011246628700846284,112162869.9417051,1276.696222615989,0.6699475889788414,0.15465176635827912,0.8060152768936982,0.25951069552965284
55348,0.6299997723495799,0.011446249531271125,112067486.8597231,1275.6105226822126,0.6741267684437695,0.15565526845118366,0.8004455760661999,0.2606285136920646
55787,0.6349966990689098,0.011650488910171222,112342227.34184183,1278.7377619896856,0.6784543887093644,0.15687935253152643,0.795830681094844,0.26209318169907236
56226,0.6399936257882396,0.01187014665250816,111082205.33332743,1264.3955350163615,0.6826221496511641,0.15791482459209313,0.7901018459579885,0.263220675944334
56665,0.6449905525075694,0.012089063563966964,110171244.5977218,1254.0265053124706,0.6866528883154253,0.15878596310153528,0.7834182049649905,0.2640527783737395
57105,0.6499988617478999,0.012300392890148278,110340623.729748,1255.9544668398478,0.6912088790435845,0.160434455458501,0.7803946530872056,0.26615288594610725
57544,0.6549957884672297,0.012552656675017936,109906410.82747257,1251.0120293609007,0.6955364993091794,0.1617764206054169,0.7756206238064927,0.2677139404591893
57983,0.6599927151865596,0.012794845815151237,110175015.97488707,1254.069433092256,0.699852701051646,0.16317526606493332,0.7710057288351368,0.26934623082054704
58422,0.6649896419058893,0.013020955720341428,110558962.85435261,1258.4397165109456,0.704237413932882,0.16471834837298333,0.7668682367918523,0.2711873944850872
58862,0.6699979511462199,0.01327784431018377,110270908.44560364,1255.1609311540014,0.7085421971522203,0.16615192421140298,0.7619350732017823,0.272812740377767
59301,0.6749948778655497,0.013550699881504915,109146253.04661064,1242.3595174563552,0.7127213766171483,0.16744776066809966,0.7562062380649268,0.2741828462625855
59740,0.6799918045848795,0.013815973031943629,109413913.02528618,1245.4061627846904,0.7168206264201789,0.1686471009305655,0.7498408656906429,0.2753623188405797
60179,0.6849887313042092,0.014066998860407628,109151519.87424637,1242.4194672325264,0.721056898500748,0.1701029053488964,0.7444302991725016,0.27692763060529824
60619,0.6899970405445398,0.014346530583536906,109184035.55663925,1242.789577670217,0.725293170581317,0.17160594191116696,0.7390197326543603,0.2785341570203323
61058,0.6949939672638696,0.014606396559583203,109431653.59154856,1245.608095152737,0.7294495129999886,0.17303936298076922,0.7331317632081477,0.2799927069405615
61497,0.6999908939831994,0.014909738516038011,108499224.73420842,1234.9947041023563,0.7334574146179933,0.17430982473557602,0.7264481222151495,0.2811566532195978
61937,0.7049992032235299,0.015201062925180909,107324907.86276287,1221.6280176515909,0.7376480126060495,0.17588349514563106,0.7207192870782941,0.28276206530561276
62376,0.7099961299428598,0.015513232110038229,106318435.4797903,1210.1718246157295,0.7417130068396953,0.17730720606826803,0.7141947803946531,0.28408659323965063
62815,0.7149930566621896,0.01581301007779289,105853414.09484774,1204.8787089358223,0.7459150233508798,0.17904807846920726,0.7087842138765118,0.28587933247753533
63254,0.7199899833815193,0.016119678075913482,106046495.39474344,1207.0764608867376,0.7501398769083206,0.18089198036006546,0.7035327816677276,0.2877880484311938
63694,0.7249982926218499,0.016441833408288184,105990104.14908251,1206.4345863487436,0.7543190563732487,0.18269310890759102,0.6978039465308721,0.2895727398798124
64133,0.7299952193411797,0.01678067751681801,106073405.92996967,1207.3827706190916,0.7585553284538178,0.1846806704858901,0.6925525143220879,0.2916010586619317
64572,0.7349921460605094,0.017107142767732352,105978623.87730297,1206.3039119141185,0.7627002523493611,0.18654328461471936,0.6865054105665181,0.29336960217613056
65011,0.7399890727798393,0.017456168778327303,105838802.59343003,1204.7123932140828,0.766662479874853,0.1881528493983869,0.6793443666454487,0.29468815794015113
65451,0.7449973820201699,0.017844228565075667,104923999.79104841,1194.2996311044278,0.7705676147847037,0.18967144590768126,0.671546785486951,0.2957978481057022
65890,0.7499943087394996,0.018216956421164145,104562553.6252502,1190.1854625315889,0.7744841682176827,0.19134500779316035,0.6642266072565245,0.29710299665456613
66329,0.7549912354588294,0.01860451619098525,104038352.3638344,1184.218730664903,0.7785377439282003,0.1933386349815222,0.6577021005728835,0.2988322909511587
66769,0.75999954469916,0.018946358512946907,102284888.13635191,1164.2598872715178,0.7822030898523585,0.194603629417383,0.6484723106301719,0.2993682045254188
67208,0.7649964714184898,0.01935166557159234,101659366.76996204,1157.1398771821664,0.7861082247622092,0.19641986147692908,0.6408338637810312,0.3006794594190995
67647,0.7699933981378195,0.019760114481981852,101516405.49684457,1155.5126174886127,0.7903102412733937,0.198993322037277,0.6354232972628899,0.3030740037950664
68086,0.7749903248571494,0.02017251279456121,100901418.12025653,1148.5125107594022,0.7940098427669365,0.20056036678553235,0.6265117759388924,0.3038512001234854
68526,0.7799986340974799,0.020630629513794702,100023893.95334467,1138.5240735008613,0.7978578850611462,0.20249075087280496,0.6183959261616805,0.3050834151128557
68965,0.7849955608168097,0.021080548490271744,98753364.46929444,1124.062244966586,0.8013976272308939,0.2038073908174692,0.6082113303628263,0.3053081439469585
69404,0.7899924875361395,0.02157699836246052,97849351.45866802,1113.7722978881784,0.8052114139557189,0.20587432439810013,0.6000954805856142,0.3065729035405065
69843,0.7949894142554693,0.022063563222447225,96649490.67909028,1100.114857366657,0.8089452710186464,0.20789532543055245,0.5916613621896881,0.30767957629923864
70283,0.7999977234957999,0.02256058716699494,95399234.73567067,1085.8837928343692,0.8129074985441384,0.2105232991345217,0.5845003182686187,0.30955290548228054
70722,0.8049946502151296,0.023091715305087475,94146916.91647021,1071.629258957705,0.8165728444682965,0.21252204585537918,0.5752705283259071,0.3103803554563407
71161,0.8099915769344594,0.023648394752930648,92563032.42708147,1053.6006604944735,0.8203980497162497,0.21508295625942686,0.5673138128580522,0.31191215713723264
71601,0.81499988617479,0.024205878196633713,90707088.79295409,1032.475343102808,0.8239263733628692,0.21694138059239063,0.5571292170591979,0.31228257960931227
72040,0.8199968128941197,0.02476956178542535,89773030.27344947,1021.8434023886159,0.8275232081482581,0.21913010252817933,0.5475811584977721,0.31300313821803794
72479,0.8249937396134496,0.025315357094896688,88110588.86550438,1002.9206281501625,0.8309030909942108,0.22083960966664484,0.5366008911521324,0.31290307613789264
72918,0.8299906663327794,0.02599257444647373,86354772.63042955,982.9350129809633,0.8342715553170353,0.22255933117583604,0.5253023551877785,0.31265391172570567
73358,0.83499897557311,0.026621103124656795,85568506.03981675,973.985317001124,0.8375715085010905,0.2241750607849948,0.5135264162953532,0.3121040669278011
73797,0.8399959022924397,0.027226061765476057,84431693.1164524,961.0455200270038,0.8413967137490437,0.22753976214357358,0.5054105665181413,0.31380298389487205
74236,0.8449928290117695,0.027850250137919925,82581058.99482425,939.9806382728646,0.8447994336412529,0.22977370211507173,0.4944302991725016,0.31374331010804807
74675,0.8499897557310994,0.028578764361512767,80773715.77098195,919.4085160719143,0.8483277572878724,0.2325154781013529,0.48408656906429026,0.3141426137243765
75115,0.8549980649714298,0.029292045678180428,78664234.64513776,895.3973028563042,0.8516962216106969,0.2349359481258896,0.47278803309993633,0.3138932910723719
75554,0.8599949916907597,0.030093811433270626,77951997.39090912,887.2902473525294,0.8551674526416754,0.23791973791973792,0.4622851686823679,0.3141559424678274
75993,0.8649919184100895,0.030867307852062105,75565072.07168928,860.1210197792847,0.8581134316087558,0.23921535326086957,0.4482813494589433,0.31196013289036545
76432,0.8699888451294193,0.03174158767176656,72463924.69703265,824.822144660831,0.8613106180846569,0.24153439153439155,0.43586887332908975,0.31082614616432136
76872,0.8749971543697498,0.032666658392890686,70533399.62593204,802.8479024965516,0.8649531269625587,0.24575726997523162,0.4263208147676639,0.3117835321501309
77311,0.8799940810890796,0.03357685908780888,68974453.93263589,785.1031704035775,0.8682416616234856,0.24892498805542285,0.4145448758752387,0.31106334706549643
77750,0.8849910078084094,0.034531483327448924,66961575.17851075,762.191535712782,0.8715301962844125,0.25231873940361027,0.4026098026734564,0.31022009686714486
78190,0.8899993170487399,0.03548244127939745,65410844.8577071,744.5403152697327,0.8748073124222113,0.25594493116395495,0.390515595162317,0.3092237903225806
78629,0.8949962437680697,0.036618006381925715,64354274.31266972,732.5138788520695,0.8780615915137536,0.2598623101300404,0.3784213876511776,0.3081308713961775
79068,0.8999931704873996,0.037784145882641146,62781919.23343122,714.6165141419995,0.8810760816196033,0.26294043383450016,0.3645767027371101,0.3055277722211108
79507,0.9049900972067293,0.03890279445230182,59985908.364179865,682.7908617044171,0.883987805017299,0.26582890285161914,0.35009548058561424,0.3021978021978022
79947,0.9099984064470599,0.04027077019173085,57239686.65953994,651.5319354786343,0.8870022951231488,0.2695840775708089,0.3362507956715468,0.2992493981022518
80386,0.9149953331663897,0.04157666189572407,56057066.273650594,638.0707341003323,0.8902223186453064,0.275,0.3238383195416932,0.29742765273311894
80825,0.9199922598857195,0.04306467110011764,53791396.83113282,612.2817040901134,0.8929856012423353,0.278351995406259,0.30856142584341184,0.2926792452830189
81264,0.9249891866050493,0.04474057001086513,51441171.03339453,585.53020959085,0.895634698608082,0.2813169984686064,0.2923297262889879,0.2867176525675043
81704,0.9299974958453798,0.04634859303026268,48468338.97729093,551.6918862805442,0.898557840528906,0.2866754184443715,0.2780076384468491,0.28227500403942474
82143,0.9349944225647097,0.04811432138865169,46918865.38581759,534.0549705854894,0.9016522602966532,0.29422159392118746,0.26495862507956713,0.2788244159758854
82582,0.9399913492840394,0.05008103085719568,43667472.28064378,497.0459202841508,0.9043698688011692,0.2998276852383688,0.24920432845321452,0.2721821499956548
83022,0.94499965852437,0.052193488091762934,40285040.14794303,458.5453155000686,0.9070988958288135,0.3065190137902215,0.23345003182686186,0.26504065040650404
83461,0.9499965852436998,0.05442705597989008,36176121.519459575,411.7754629209777,0.9094396930700983,0.31073316478970353,0.21514958625079567,0.25425481899388813
83900,0.9549935119630296,0.05695684560695623,32114600.65274441,365.5451163606029,0.9118490014501525,0.3165559529892693,0.19716740929344367,0.24298882133751717
84339,0.9599904386823593,0.05983783432816802,28824148.826110393,328.0914793419809,0.9142240542608219,0.3235632183908046,0.17918523233609165,0.23064317902498976
84779,0.9649987479226899,0.0631712461152217,24906314.350292742,283.4966461435193,0.9165420144558503,0.33158067696352284,0.16056651814131126,0.2163611021764769
85218,0.9699956746420197,0.0670342538185905,20590370.661744997,234.37032647056478,0.9186087671420579,0.3383141762452107,0.140515595162317,0.1985608275241736
85657,0.9749926013613495,0.07172342688185832,16599538.460403815,188.94459512832444,0.9204357308425728,0.3428308823529412,0.11871419478039465,0.1763593380614657
86096,0.9799895280806793,0.07731011873821815,13911748.484266484,158.35076927933258,0.9226965984219601,0.3603448275862069,0.09977721196690006,0.1562811565304088
86536,0.9849978373210099,0.08487281632581037,10604030.967245782,120.70060517729166,0.9246034917843726,0.37777777777777777,0.07845321451304901,0.12992489129002505
86975,0.9899947640403397,0.09562817610640696,5107237.031838155,58.13323277071227,0.9265446407161698,0.4140715109573241,0.05712921705919796,0.10040553768703679
87414,0.9949916907596694,0.11294868223803298,551189.0100803874,6.273920482623299,0.927914863491556,0.4666666666666667,0.03230426479949077,0.060425658580145855
87854,1.0,0.306424596258841,-6924498.2591501055,-78.81824685444153,0.9282460006622744,0.0,0.0,0.0
