vintage,loan_age,at_risk,observed,predicted,residual,z
2000,0,39023,0.0,0.0001267179912784791,-0.0001267179912784791,-2.223857653474579
2000,1,45898,0.0,0.00016958355664062428,-0.00016958355664062428,-2.790137320635146
2000,2,46868,0.0,0.000220929700487759,-0.000220929700487759,-3.218201567940571
2000,3,47057,0.0004675181163270077,0.0002813353991575079,0.0001861827171694998,2.4082434718019714
2000,4,46873,0.0005120218462654406,0.00035000143350522565,0.00016202041276021497,1.875306301911558
2000,5,46581,0.0005366995126768425,0.0004271870348202137,0.00010951247785662876,1.143804392541387
2000,6,46123,0.0005637100795698459,0.0005092138621280859,5.4496217441759925e-05,0.5187828689945929
2000,7,45448,0.0006380918852314733,0.0005969024639063716,4.118942132510172e-05,0.35951833792570154
2000,8,44538,0.0008756567425569177,0.0006880597467810519,0.0001875969957758658,1.5098285060484893
2000,9,43447,0.0007365295647570603,0.0007810055338636588,-4.447596910659845e-05,-0.3318546601959167
2000,10,42111,0.0008073899931134383,0.0008724554419613711,-6.506544884793278e-05,-0.45223702283528133
2000,11,40460,0.0011616411270390509,0.0009651666414126482,0.00019647448562640267,1.2727046549627774
2000,12,38568,0.0011667703795892968,0.0010477979321563847,0.00011897244743291208,0.7221856126355534
2000,13,36537,0.000903194022497742,0.001125437796637889,-0.00022224377414014707,-1.267009354582372
2000,14,34624,0.0009819778188539742,0.0011989495408429671,-0.00021697172198899294,-1.1666801457913503
2000,15,32789,0.0012809173808289364,0.0012652153337188068,1.5702047110129633e-05,0.07998582903236506
2000,16,31088,0.0010615028306742152,0.0013180070271580427,-0.00025650419648382754,-1.2465749451964128
2000,17,29545,0.0012861736334405145,0.0013699015122849746,-8.372787884446012e-05,-0.3891034556746505
2000,18,27963,0.0015377463076207845,0.0014083346651441605,0.00012941164247662405,0.5770564869704611
2000,19,26482,0.0014349369382977116,0.0014361651294460067,-1.2281911482951453e-06,-0.005277779577265688
2000,20,25052,0.001716429825961999,0.0014569198240848866,0.0002595100018771125,1.0768967660873323
2000,21,23625,0.0013968253968253967,0.001481675834668475,-8.485043784307823e-05,-0.33906688605166896
2000,22,22212,0.0017558076715289033,0.0014999911614319405,0.0002558165100969628,0.9851537521294991
2000,23,20790,0.0012506012506012505,0.0015187734975073363,-0.00026817224690608575,-0.9929436860732483
2000,24,19550,0.0016879795396419438,0.0015432904038245438,0.0001446891358174,0.5153720428119105
2000,25,18352,0.0012532693984306888,0.0015643046430019666,-0.0003110352445712778,-1.0661801358552312
2000,26,17290,0.0018507807981492192,0.0015846808114177494,0.00026609998673146986,0.8796620008267017
2000,27,16280,0.0015356265356265355,0.0016023298986609104,-6.67033630343749e-05,-0.21278802478888378
2000,28,15287,0.0015699614051154576,0.0016305511759118188,-6.05897707963612e-05,-0.18567249959308424
2000,29,14301,0.0027270820222362073,0.0016581534680695095,0.0010689285541666978,3.141809744207789
2000,30,13321,0.002552360933863824,0.0016865484875497748,0.0008658124463140492,2.4353386516487974
2000,31,12388,0.0012108492089118502,0.0017176351367559734,-0.0005067859278441232,-1.3621752592324043
2000,32,11537,0.002253618791713617,0.0017674855441552717,0.0004861332475583455,1.2431054759832385
2000,33,10705,0.002241943017281644,0.0018084069832407913,0.0004335360340408528,1.0557558452282847
2000,34,9978,0.0016035277610743637,0.0018509151629407794,-0.00024738740186641575,-0.5749212567548713
2000,35,9301,0.0027953983442640575,0.0019001281375137324,0.0008952702067503251,1.982624687911345
2000,36,8701,0.003218020917135961,0.0019293368747196878,0.0012886840424162734,2.7393426386799202
2000,37,8127,0.002337886058816291,0.0019773044155067714,0.0003605816433095198,0.7317483750295245
2000,38,7661,0.002480093982508811,0.002022905669083976,0.000457188313424835,0.8906144746837088
2000,39,7221,0.0023542445644647554,0.002060084887175088,0.0002941596772896675,0.5512988137718525
2000,40,6840,0.0021929824561403508,0.0020930171980051574,9.996525813519338e-05,0.18090297682967563
2000,41,6464,0.002165841584158416,0.00214342464236232,2.24169417960959e-05,0.038970759217734
2000,42,6142,0.00244220123738196,0.002189541293606472,0.000252659943775488,0.4236338993608621
2000,43,5829,0.0027448962086121117,0.002228505420969509,0.0005163907876426029,0.8360901748348442
2000,44,5564,0.0014378145219266715,0.002272215074232619,-0.0008344005523059474,-1.3071860118590501
2000,45,5369,0.0022350530825107095,0.0023167190582707967,-8.166597576008718e-05,-0.12446717269638706
2000,46,5161,0.002906413485758574,0.0023502579870688435,0.0005561554986897306,0.8251185465444841
2000,47,4963,0.002619383437437034,0.0023793725903283242,0.0002400108471087097,0.34704761970023035
2000,48,4781,0.0025099351600083664,0.0024248178548468436,8.511730516152279e-05,0.11966436992256858
2000,49,4626,0.0023778642455685255,0.0024592086000801185,-8.134435451159295e-05,-0.11170361163484657
2000,50,4464,0.002688172043010753,0.0025031140626270505,0.00018505798038370236,0.2474422276566503
2000,51,4325,0.0032369942196531793,0.002543753694449861,0.0006932405252033183,0.9050916174798723
2000,52,4188,0.0031041069723018147,0.0025733756832814936,0.0005307312890203211,0.6779317184634669
2000,53,4048,0.0024703557312252965,0.002601660933041857,-0.0001313052018165604,-0.1639994967373245
2000,54,3941,0.0015224562293834052,0.00264109115632605,-0.001118634926942645,-1.3682774241088267
2000,55,3840,0.0020833333333333333,0.002688714145600102,-0.0006053808122667686,-0.7244469378693723
2000,56,3725,0.002147651006711409,0.0027227235221145393,-0.0005750725154031302,-0.6735595790796355
2000,57,3628,0.002205071664829107,0.002753021069505209,-0.0005479494046761019,-0.6298947177067942
2000,58,3529,0.0014168319637291016,0.00281596718078628,-0.0013991352170571784,-1.5684983456404387
2000,59,3442,0.0026147588611272515,0.0028556285392223987,-0.0002408696780951472,-0.2648242111675887
2000,60,3345,0.0029895366218236174,0.002906579538870797,8.295708295282065e-05,0.08912355514985673
2000,61,3260,0.001226993865030675,0.0029382124882258555,-0.0017112186231951806,-1.8051432087565331
2000,62,3172,0.0025220680958385876,0.0029827557796600858,-0.0004606876838214981,-0.4757874784312872
2000,63,3102,0.0029013539651837525,0.0030116483160457807,-0.00011029435086202816,-0.11210551952119281
2000,64,3025,0.0023140495867768596,0.0030640211187494045,-0.0007499715319725449,-0.7463249419618379
2000,65,2960,0.0016891891891891893,0.0031149442060268485,-0.0014257550168376592,-1.3920123395303508
2000,66,2890,0.001384083044982699,0.003146706239788013,-0.0017626231948053143,-1.691860992445165
2000,67,2821,0.0021269053527118043,0.0032103861899449144,-0.00108348083723311,-1.0172844040573938
2000,68,2759,0.0025371511417180137,0.0032539394632492176,-0.0007167883215312039,-0.6611039814230105
2000,69,2710,0.0025830258302583027,0.0033054546324333338,-0.000722428802175031,-0.6552138312745653
2000,70,2668,0.0018740629685157421,0.003333619223102969,-0.001459556254587227,-1.3079190053484455
2000,71,2610,0.0015325670498084292,0.0033398740824146494,-0.0018073070326062202,-1.6003449495799962
2000,72,2555,0.0011741682974559687,0.003378196425479142,-0.002204028128023173,-1.920016424500729
2000,73,2520,0.0015873015873015873,0.00341158634203725,-0.0018242847547356627,-1.5705681961569085
2000,74,2457,0.004477004477004477,0.0034097762641783942,0.001067228212826083,0.9074832607870437
2000,75,2415,0.0008281573498964803,0.0033994536937577056,-0.0025712963438612253,-2.1709287720106745
2000,76,2378,0.0008410428931875525,0.003428000622982318,-0.0025869577297947654,-2.1583430402949526
2000,77,2343,0.0012804097311139564,0.0034434571566633043,-0.002163047425549348,-1.7873264053845415
2000,78,2306,0.0008673026886383347,0.0034722286185465707,-0.002604925929908236,-2.1265528039919976
2000,79,2270,0.003964757709251102,0.003487667889286631,0.00047708981996447044,0.3855708369532507
2000,80,2229,0.001794526693584567,0.003465455340947958,-0.0016709286473633909,-1.3424144145183878
2000,81,2194,0.0018231540565177757,0.0034670441919041426,-0.001643890135386367,-1.3099827580493162
2000,82,2165,0.0023094688221709007,0.0034539585756819522,-0.0011444897535110516,-0.9076817691331583
2000,83,2132,0.0028142589118198874,0.0034512025493545623,-0.0006369436375346748,-0.501487479944943
2000,84,2102,0.0014272121788772598,0.003408115643475731,-0.001980903464598471,-1.5583457932295346
2000,85,2065,0.0014527845036319612,0.0033972829134870414,-0.0019444984098550802,-1.5185906775346953
2000,86,2035,0.0009828009828009828,0.003394782304461243,-0.00241198132166026,-1.8706330535871396
2000,87,2010,0.001990049751243781,0.003401621672686752,-0.0014115719214429709,-1.0869209172749146
2000,88,1977,0.0010116337885685382,0.003401442213961469,-0.0023898084253929307,-1.8250499145352095
2000,89,1951,0.0020502306509482316,0.003395330701406568,-0.0013451000504583364,-1.0213644196154448
2000,90,1915,0.0020887728459530026,0.0033590554002228355,-0.001270282554269833,-0.9607420001747563
2000,91,1894,0.0010559662090813093,0.0033541581485128937,-0.0022981919394315844,-1.7298724692591065
2000,92,1870,0.0016042780748663102,0.003369316730114761,-0.0017650386552484508,-1.3171552835699583
2000,93,1847,0.0010828370330265296,0.0033871929636287504,-0.002304355930602221,-1.7045109972993737
2000,94,1827,0.0016420361247947454,0.0033739171677166007,-0.0017318810429218553,-1.2765975294361105
2000,95,1800,0.0022222222222222222,0.0033744805872104027,-0.0011522583649881805,-0.8429788013615462
2000,96,1777,0.0039392234102419805,0.003392781809418792,0.0005464416008231885,0.3961388980885355
2000,97,1746,0.0028636884306987398,0.0033708417739520694,-0.0005071533432533296,-0.3656162031048599
2000,98,1729,0.001156737998843262,0.003370054852651603,-0.0022133168538083408,-1.5880187899578218
2000,99,1704,0.00528169014084507,0.0033896419792650073,0.001892048161580063,1.343777512786119
2000,100,1677,0.0005963029218843172,0.0033904209763865995,-0.0027941180545022824,-1.968438910145388
2000,101,1658,0.0030156815440289505,0.003415733996584549,-0.0004000524525555986,-0.2791966262553662
2000,102,1636,0.003667481662591687,0.0034193049956554177,0.00024817666693626936,0.17196000213115012
2000,103,1618,0.0030902348578491965,0.003426525232514273,-0.0003362903746650767,-0.2314845801795943
2000,104,1599,0.0012507817385866166,0.0034127789307134143,-0.0021619971921267977,-1.4824075628269948
2000,105,1581,0.0031625553447185324,0.0034151876325308216,-0.0002526322878122892,-0.1721830407781955
2000,106,1563,0.003198976327575176,0.0033829252020794714,-0.00018394887450429555,-0.1252466920793686
2000,107,1539,0.007147498375568551,0.0033911580410112933,0.0037563403345572573,2.534824292608842
2000,108,1515,0.0026402640264026403,0.0033690096123446403,-0.000728745585942,-0.4895126674863112
2000,109,1492,0.0013404825737265416,0.003345658091945403,-0.0020051755182188616,-1.3412932696385986
2000,110,1471,0.002719238613188307,0.0033363206684167966,-0.0006170820552284895,-0.41043184015260065
2000,111,1455,0.0006872852233676976,0.0033042455780363075,-0.00261696035466861,-1.7394469062509745
2000,112,1438,0.002086230876216968,0.003274526420787368,-0.0011882955445703999,-0.7887545607471115
2000,113,1419,0.0035236081747709656,0.0032277363788163326,0.000295871795954633,0.1964933082795032
2000,114,1396,0.0014326647564469914,0.003149236269645212,-0.0017165715131982208,-1.1446874330820749
2000,115,1372,0.0007288629737609329,0.003071784491822965,-0.002342921518062032,-1.568221779779167
2000,116,1357,0.0029476787030213707,0.002989560369864443,-4.1881666843072204e-05,-0.028259232646874726
2000,117,1340,0.002238805970149254,0.002893976898482847,-0.0006551709283335932,-0.4464664383058374
2000,118,1324,0.0015105740181268882,0.002812582853503567,-0.0013020088353766788,-0.8945752255107812
2000,119,1301,0.0030745580322828594,0.0027194152607542556,0.0003551427715286037,0.24597738522772203
2000,120,1271,0.003147128245476003,0.0026137354179036516,0.0005333928275723515,0.37244096549176975
2001,0,39085,0.0,8.041343243748418e-05,-8.041343243748418e-05,-1.7729105344787794
2001,1,46646,0.0,0.00010556397406669999,-0.00010556397406669999,-2.219156822011278
2001,2,47995,0.0,0.00013694542168332774,-0.00013694542168332774,-2.5639024430604933
2001,3,48418,0.00045437647156016357,0.00017406800220964264,0.00028030846935052096,4.675391383964125
2001,4,48416,0.00030981493721083937,0.00021632241985256468,9.349251735827469e-05,1.3988383153820592
2001,5,48315,0.00039325261306012623,0.00026282217584560247,0.00013043043721452376,1.7686667745768758
2001,6,48043,0.000374664363174656,0.00031342006643619375,6.124429673846226e-05,0.7583773979991323
2001,7,47664,0.00039862369922792883,0.0003673552058581162,3.1268493369812655e-05,0.3562368847359937
2001,8,47164,0.0004664574675600034,0.00042330430490759526,4.315316265240813e-05,0.45559981788940973
2001,9,46528,0.00042984869325997247,0.0004794696373201239,-4.9620944060151453e-05,-0.48892900322265787
2001,10,45824,0.0006983240223463687,0.0005348213506153047,0.00016350267173106405,1.513851061391533
2001,11,45048,0.0005105665068371515,0.0005870515695258837,-7.648506268873219e-05,-0.6701989937685723
2001,12,44221,0.0005427285678749915,0.0006370367782817492,-9.430821040675764e-05,-0.7859952203949168
2001,13,43166,0.0007181578093870176,0.000683184757575829,3.497305181118858e-05,0.27808896306110786
2001,14,41920,0.00035782442748091603,0.0007242281782107937,-0.0003664037507298777,-2.788625277289962
2001,15,40546,0.0007892270507571647,0.0007624710584399019,2.6755992317262808e-05,0.19518616018322454
2001,16,38928,0.0007449650637073572,0.0007961690312890842,-5.120396758172697e-05,-0.3581830037224219
2001,17,37167,0.0007533564721392633,0.0008260294736131637,-7.267300147390042e-05,-0.4876784034363043
2001,18,35132,0.0009677786633268815,0.0008506583778942955,0.00011712028543258595,0.7529926968940729
2001,19,32899,0.0009726739414571871,0.0008733618139322359,9.931212752495127e-05,0.6097983791671333
2001,20,30554,0.0007527655953393991,0.0008949052706326106,-0.00014213967529321154,-0.8309123928323128
2001,21,28471,0.0011239506866636225,0.0009127124857560342,0.0002112382009075883,1.1803345191213082
2001,22,26510,0.0012070916635231988,0.0009278855386051937,0.00027920612491800514,1.493083799516925
2001,23,24779,0.0012510593647846967,0.0009392973098988339,0.0003117620548858628,1.6020190111768884
2001,24,23214,0.0011200137847850436,0.0009499454634600521,0.00017006832132499146,0.8411151482628372
2001,25,21671,0.0013843385169120023,0.000960225483535471,0.0004241130333765313,2.0157798131872924
2001,26,20283,0.0013804664004338609,0.0009683783254967023,0.0004120880749371586,1.8868787553961655
2001,27,19042,0.0009452788572628925,0.000980079431893144,-3.4800574630251564e-05,-0.15347052680037773
2001,28,17877,0.0012865693348995916,0.000990629055029613,0.0002959402798699785,1.2577985461919872
2001,29,16819,0.0008918485046673405,0.0010053743067743833,-0.00011352580210704285,-0.4645678989297747
2001,30,15941,0.0010664324697321373,0.0010117934970628423,5.4638972669295016e-05,0.21698723383991142
2001,31,15321,0.0007832386919913843,0.0010199169230393705,-0.00023667823104798612,-0.9177852149755062
2001,32,14798,0.002094877686173807,0.0010270290542356063,0.001067848631938201,4.055486623994137
2001,33,14270,0.0011913104414856342,0.0010275832448325595,0.0001637271966530747,0.6104464280629105
2001,34,13838,0.0014452955629426219,0.0010364871413130502,0.0004088084216295716,1.4945130951763976
2001,35,13386,0.0016435081428357986,0.001043577547185274,0.0005999305956505246,2.1497640018948547
2001,36,12980,0.0006933744221879815,0.001054407703398217,-0.0003610332812102356,-1.2673873909465276
2001,37,12573,0.0014316392269148174,0.0010616279402444373,0.0003700112866703801,1.2740278205808462
2001,38,12176,0.0010676741130091984,0.0010720623782302706,-4.388265221072236e-06,-0.01479680941449563
2001,39,11857,0.001433752213882095,0.001078930511812505,0.0003548217020695899,1.1768883412499087
2001,40,11551,0.0012985888667647822,0.001085806195086507,0.00021278267167827518,0.6943937444694959
2001,41,11252,0.0019552079630287948,0.0010956918088627404,0.0008595161541660543,2.7558955566949774
2001,42,10994,0.0006367109332363107,0.0011090899880502934,-0.00047237905481398276,-1.4880793026052794
2001,43,10753,0.0011159676369385289,0.001117467189358516,-1.4995524199872164e-06,-0.004654273233101435
2001,44,10487,0.0012396300181176695,0.0011304925471216473,0.00010913747099602217,0.3325916105980828
2001,45,10245,0.0017569546120058566,0.0011485017222365634,0.0006084528897692932,1.8183046583358555
2001,46,10024,0.0005985634477254589,0.001162253076718889,-0.0005636896289934302,-1.656390565270522
2001,47,9830,0.0011190233977619532,0.0011805087109813507,-6.148531321939748e-05,-0.1775293023004276
2001,48,9608,0.0010407993338884263,0.001191814577942712,-0.00015101524405428568,-0.42903418034756646
2001,49,9373,0.0009602048436999893,0.0012012706467069143,-0.000241065803006925,-0.6737759300092114
2001,50,9205,0.0013036393264530147,0.0012196891647949777,8.395016165803695e-05,0.23076708496087522
2001,51,9021,0.0014410819199645272,0.0012337705819290307,0.00020731133803549647,0.5609204399902976
2001,52,8829,0.001472420432665081,0.0012455867711019925,0.00022683366156308845,0.6042920940632506
2001,53,8664,0.0009233610341643582,0.0012659095467483159,-0.0003425485125839576,-0.8967162360985087
2001,54,8534,0.001288961799859386,0.0012914826354048117,-2.520835545425813e-06,-0.006484211481025939
2001,55,8395,0.0005955926146515784,0.0013083820759043142,-0.0007127894612527358,-1.8067107340710105
2001,56,8279,0.0013286628819905786,0.0013316905340825962,-3.0276520920176006e-06,-0.0075540980828273435
2001,57,8163,0.0008575278696557638,0.001355783542959923,-0.0004982556733041592,-1.2234228175946589
2001,58,8066,0.0004959087527894868,0.0013736595368210997,-0.0008777507840316129,-2.1284295191257434
2001,59,7970,0.0008782936010037642,0.0013976154211526924,-0.0005193218201489283,-1.2410108825624204
2001,60,7857,0.0006363752068219422,0.0014226951582991508,-0.0007863199514772086,-1.849187288387043
2001,61,7757,0.00051566327188346,0.0014507175710293345,-0.0009350542991458745,-2.1637522848407267
2001,62,7648,0.0005230125523012552,0.001478696397416846,-0.0009556838451155908,-2.1750538288657393
2001,63,7538,0.00013266118333775536,0.001503107897957062,-0.0013704467146193066,-3.071296773589662
2001,64,7448,0.0010741138560687433,0.0015359775463222927,-0.0004618636902535495,-1.0178294470640374
2001,65,7338,0.0008176614881439084,0.0015533495198099842,-0.0007356880316660758,-1.6002414618220981
2001,66,7257,0.00027559597629874606,0.0015748987333781541,-0.001299302757079408,-2.7912893540460186
2001,67,7177,0.0008360039013515396,0.0015928048362532183,-0.0007568009349016787,-1.6077480780772921
2001,68,7092,0.0002820078962210942,0.001615725986856232,-0.0013337180906351379,-2.7965055437884434
2001,69,7010,0.0009985734664764623,0.0016274964151330711,-0.0006289229486566089,-1.3063216507591102
2001,70,6929,0.0008659258190215039,0.0016416554909672383,-0.0007757296719457345,-1.5950027876515258
2001,71,6852,0.0002918855808523059,0.0016534444197443471,-0.0013615588388920412,-2.774020260287228
2001,72,6746,0.0010376519418914913,0.001667342161592469,-0.0006296902197009777,-1.2676521903887303
2001,73,6671,0.000899415380002998,0.0016756983496575588,-0.0007762829696545607,-1.550178775612911
2001,74,6591,0.0007586102260658474,0.0016822482257638728,-0.0009236379996980254,-1.829776356654517
2001,75,6511,0.0009215174320380894,0.0016890578244093634,-0.000767540392371274,-1.5082381192041217
2001,76,6429,0.00031109037175299425,0.0016960976931912728,-0.0013850073214382785,-2.698776786653783
2001,77,6360,0.0006289308176100629,0.0017047173758153963,-0.0010757865582053335,-2.07969174514919
2001,78,6276,0.0011153601019757808,0.0017141129128515555,-0.0005987528108757747,-1.1466789858985669
2001,79,6203,0.0006448492664839593,0.0017125678926236125,-0.0010677186261396532,-2.03378953802795
2001,80,6130,0.0011419249592169657,0.001714874750833034,-0.0005729497916160682,-1.0841847644398868
2001,81,6067,0.0011537827591890555,0.0017147978704165072,-0.0005610151112274517,-1.056155274661238
2001,82,6003,0.0006663334999167084,0.0017123995521868159,-0.0010460660522701075,-1.9602564373628588
2001,83,5937,0.0008421761832575374,0.0017082321017958262,-0.0008660559185382887,-1.6159476003378972
2001,84,5862,0.0010235414534288639,0.0017065641725373714,-0.0006830227191085075,-1.2669738086387035
2001,85,5791,0.001554135727853566,0.001706066194041928,-0.000151930466188362,-0.2801524972884306
2001,86,5716,0.0017494751574527643,0.0017072554658885124,4.221969156425185e-05,0.07731841686406377
2001,87,5639,0.001064018442986345,0.0017081552882309515,-0.0006441368452446065,-1.1713501909374011
2001,88,5569,0.0010773927096426647,0.0017005035353995523,-0.0006231108257568876,-1.1285861334998484
2001,89,5490,0.0020036429872495446,0.0016981525386704239,0.00030549044857912074,0.5497490931881086
2001,90,5390,0.0016697588126159556,0.001699507299561848,-2.9748486945892477e-05,-0.05302334287070426
2001,91,5295,0.0009442870632672333,0.001695166788389211,-0.0007508797251219777,-1.3282063606133385
2001,92,5200,0.001153846153846154,0.0017040961134895181,-0.0005502499596433642,-0.9620219995921496
2001,93,5101,0.002352479905900804,0.0017046512891862001,0.0006478286167146037,1.1216064306442166
2001,94,5013,0.001994813484939158,0.0017037514228465849,0.0002910620620925732,0.4996911052543905
2001,95,4912,0.002239413680781759,0.0017096713201654606,0.0005297423606162985,0.8986884010048397
2001,96,4803,0.0027066416822819073,0.0017171486598744998,0.0009894930224074075,1.6562972330217642
2001,97,4729,0.002114611968703743,0.001720020213893305,0.0003945917548104378,0.6548467961097445
2001,98,4638,0.0017248814144027599,0.0017282202106202516,-3.3387962174917605e-06,-0.005474334718337712
2001,99,4566,0.0032851511169513796,0.0017411801925589238,0.0015439709243924558,2.5024397740062425
2001,100,4489,0.0022276676319893073,0.0017384790737662852,0.000489188558223022,0.7867634826598945
2001,101,4418,0.002037120869171571,0.001748640155179212,0.00028848071399235897,0.45894375137491256
2001,102,4351,0.001378993334865548,0.001744708110968775,-0.0003657147761032269,-0.5780359489372113
2001,103,4301,0.0009300162752848175,0.0017450600115148354,-0.0008150437362300179,-1.280677318682283
2001,104,4246,0.001413094677343382,0.0017420770904405555,-0.00032898241309717345,-0.5140526580435887
2001,105,4173,0.0014378145219266715,0.0017369151368169392,-0.00029910061489026767,-0.46401251319642783
2001,106,4109,0.0021903139449987834,0.0017401035816470628,0.0004502103633517206,0.6924273215266934
2001,107,4046,0.001977261492832427,0.0017398713674133314,0.00023739012541909555,0.3623223761856353
2001,108,3968,0.0015120967741935483,0.0017354599506912535,-0.0002233631764977052,-0.3380393739412028
2001,109,3914,0.001021972406745018,0.001728624623129789,-0.0007066522163847711,-1.0642446594708088
2001,110,3864,0.002070393374741201,0.0017108011730852767,0.0003595922016559243,0.5408799314123912
2001,111,3791,0.0013189132155104195,0.0016926131757090774,-0.0003736999601986579,-0.5597433502894427
2001,112,3735,0.000535475234270415,0.0016661698680055345,-0.0011306946337351195,-1.6943108888948373
2001,113,3681,0.0021733224667209996,0.0016456516561993192,0.0005276708105216804,0.7898318940557074
2001,114,3628,0.0013781697905181918,0.0016060418001023534,-0.00022787200958416165,-0.342764019671239
2001,115,3573,0.000279876854184159,0.0015634024529963938,-0.0012835255988122348,-1.9418934751534072
2001,116,3525,0.000851063829787234,0.0015225991327816114,-0.0006715353029943773,-1.0225545852686992
2001,117,3458,0.001735106998264893,0.0014790513836505548,0.0002560556146143382,0.3918109564803141
2001,118,3403,0.0002938583602703497,0.0014285763190540134,-0.0011347179587836637,-1.7525790371501182
2001,119,3341,0.000598623166716552,0.0013795927547381422,-0.0007809695880215903,-1.216176729143916
2001,120,3260,0.0027607361963190185,0.001319632624937224,0.0014411035713817945,2.2665443234867237
2002,0,41572,0.0,6.742814453698162e-05,-6.742814453698162e-05,-1.6743093641283227
2002,1,47016,0.0,8.702795062934513e-05,-8.702795062934513e-05,-2.022884636003943
2002,2,48208,0.0,0.0001127342498143109,-0.0001127342498143109,-2.331374157043837
2002,3,48391,0.0003719699944204501,0.00014325646634362103,0.00022871352807682908,4.203859032941267
2002,4,48069,0.00035365828288501947,0.00017812694155540945,0.00017553134132961,2.8837731431346865
2002,5,47479,0.00046336274984730094,0.00021762627688040048,0.00024573647296690043,3.630044911181805
2002,6,46585,0.0005795857035526457,0.00026117641177334443,0.00031840929177930126,4.253030805144228
2002,7,45373,0.00048486985652260157,0.0003070236063454438,0.00017784625017715775,2.1623413608188238
2002,8,43923,0.0006147121098285637,0.00035613378728184384,0.00025857832254671983,2.872161587259983
2002,9,42209,0.000379066075955365,0.0004072370727804492,-2.8170996825084224e-05,-0.2868597008157714
2002,10,40472,0.00029650128483890096,0.0004599407727942084,-0.00016343948795530743,-1.533498193698092
2002,11,38716,0.0005940696352929022,0.0005092277933524522,8.484184194044997e-05,0.7399627967748762
2002,12,37037,0.000621000621000621,0.0005535391255978912,6.74614954027298e-05,0.5519756705279599
2002,13,35424,0.0006210478771454381,0.0005909794827777231,3.0068394367714982e-05,0.23286338324287423
2002,14,33958,0.0005006184109782672,0.0006252213493114615,-0.00012460293833319426,-0.918582661334323
2002,15,32606,0.0005213764337851929,0.0006546021501779974,-0.0001332257163928045,-0.9405682276133662
2002,16,31316,0.0006067186102950568,0.0006811824561591451,-7.446384586408828e-05,-0.5050621754533235
2002,17,30045,0.0006989515726410385,0.0007025716907238842,-3.620118082845662e-06,-0.023681877640861812
2002,18,28844,0.000554708084870337,0.0007180466669281718,-0.00016333858205783483,-1.0356098372869464
2002,19,27927,0.0007519604683639488,0.0007296845171037391,2.2275951260209695e-05,0.13786033919220236
2002,20,27152,0.0007365939893930466,0.0007354794911005268,1.114498292519744e-06,0.006774149900053058
2002,21,26467,0.0007934408886537953,0.0007387191383423737,5.472175031142159e-05,0.3276673234345001
2002,22,25821,0.0010069323418922583,0.0007379234992965866,0.00026900884259567167,1.59187041567732
2002,23,25214,0.0003966050606805743,0.0007376176215067384,-0.0003410125608261641,-1.9945082605922166
2002,24,24598,0.0008130742336775348,0.0007359669194225187,7.710731425501609e-05,0.4459397643504279
2002,25,23987,0.001000541960228457,0.0007335330922326757,0.00026700886799578137,1.5274364165583993
2002,26,23449,0.0005970403855175061,0.000730655187079333,-0.0001336148015618269,-0.7572150134005894
2002,27,22944,0.000653765690376569,0.0007331076720506273,-7.934198167405826e-05,-0.4440306803921818
2002,28,22482,0.0007116804554754915,0.0007351858790872695,-2.350542361177798e-05,-0.13003093278807482
2002,29,22036,0.0010891268832819024,0.000736588724733982,0.00035253815854792046,1.9289456332416066
2002,30,21600,0.0006481481481481481,0.0007359334620622138,-8.77853139140657e-05,-0.47576154045337066
2002,31,21184,0.00037764350453172205,0.0007369051193839765,-0.00035926161485225444,-1.926943987046758
2002,32,20778,0.0010106843777071904,0.000742604645144082,0.0002680797325631083,1.4185620467831064
2002,33,20383,0.0005887258990335084,0.0007459212723561324,-0.00015719537332262406,-0.8220331858478348
2002,34,20017,0.0007993205775091172,0.0007494643694140374,4.985620809507983e-05,0.2577543769037037
2002,35,19620,0.0006625891946992864,0.0007526109599897215,-9.00217652904351e-05,-0.45980664811058725
2002,36,19267,0.0011418487569419215,0.000757346524165684,0.0003845022327762374,1.9400955274733356
2002,37,18932,0.0005282062117050497,0.0007592869850230139,-0.00023108077331796418,-1.1543141568545137
2002,38,18648,0.000429000429000429,0.0007644181540359691,-0.0003354177250355401,-1.6573059814885722
2002,39,18356,0.0005992590978426672,0.0007697559090608313,-0.00017049681121816406,-0.8329059879956179
2002,40,18090,0.0003869541182974019,0.0007771944503952641,-0.0003902403320978622,-1.8834557521449897
2002,41,17841,0.0005044560282495376,0.0007842102515326295,-0.0002797542232830919,-1.3348742219992695
2002,42,17588,0.00045485558335228563,0.000790413699108713,-0.00033555811575642735,-1.5835086870373956
2002,43,17384,0.0006902899217671422,0.0007983720555728295,-0.00010808213380568735,-0.504544570005452
2002,44,17161,0.0010488899248295553,0.0008073021952358095,0.0002415877295937458,1.1143034511247516
2002,45,16961,0.0006485466658805495,0.0008172543409410101,-0.00016870767506046058,-0.7688816330093449
2002,46,16780,0.0002979737783075089,0.0008276306324848332,-0.0005296568541773242,-2.3858991853036287
2002,47,16624,0.0006616939364773821,0.0008399845272827426,-0.00017829059080536058,-0.7934928596030087
2002,48,16474,0.0007284205414592692,0.0008506754921072534,-0.0001222549506479843,-0.5382311457888415
2002,49,16306,0.0004906169508156506,0.0008626540898788161,-0.00037203713906316547,-1.6181883716138117
2002,50,16132,0.0009918175055789735,0.0008753543860037591,0.00011646311957521445,0.500185080590721
2002,51,15967,0.00043840420868040335,0.0008875177447413661,-0.00044911353606096277,-1.905777048798841
2002,52,15785,0.0006335128286347799,0.00090234416536383,-0.0002688313367290501,-1.124895313378875
2002,53,15633,0.00019190174630589137,0.0009170404533871845,-0.0007251387070812931,-2.9953476060871975
2002,54,15487,0.0005811325627946019,0.0009334410029828966,-0.00035230844018829474,-1.4357077626340857
2002,55,15320,0.0005221932114882506,0.000948017647581173,-0.0004258244360929224,-1.7126069760245592
2002,56,15172,0.0005931979963089902,0.0009673998177569873,-0.0003742018214479971,-1.482635803164397
2002,57,15022,0.00046598322460391424,0.0009863427663998152,-0.000520359541795901,-2.0317382498201337
2002,58,14903,0.00020130175132523654,0.0010055314636957535,-0.000804229712370517,-3.097687411429174
2002,59,14749,0.00047460844803037496,0.0010273214144180258,-0.0005527129663876508,-2.095322926780896
2002,60,14598,0.00047951774215645977,0.0010441780522157473,-0.0005646603100592875,-2.112387167573069
2002,61,14468,0.000552944429084877,0.0010616761734868342,-0.0005087317444019572,-1.8790040457040007
2002,62,14335,0.0009766306243460064,0.001079684006370823,-0.0001030533820248166,-0.375705316558396
2002,63,14181,0.000987236443128129,0.0010955474977787844,-0.00010831105465065535,-0.38989586835622886
2002,64,14030,0.0005702066999287242,0.0011131271942703656,-0.0005429204943416414,-1.928566071131543
2002,65,13912,0.000359401955146636,0.0011282447892159988,-0.0007688428340693628,-2.7013186735192396
2002,66,13811,0.0006516544783143871,0.0011473349700600744,-0.0004956804917456873,-1.720753088847416
2002,67,13662,0.0004391743522178305,0.0011627894621526113,-0.0007236151099347808,-2.481800496733399
2002,68,13530,0.0005173688100517369,0.0011817545545779453,-0.0006643857445262085,-2.249377402117913
2002,69,13412,0.000894721145243066,0.0011962808937093124,-0.0003015597484662464,-1.0103305520859667
2002,70,13274,0.0006780171764351364,0.0012077487592921609,-0.0005297315828570244,-1.757239233152778
2002,71,13139,0.00045665575766801127,0.0012190087073735054,-0.0007623529497054941,-2.504371214311178
2002,72,13046,0.000459911083857121,0.0012281965390951218,-0.0007682854552380008,-2.5054989628705364
2002,73,12935,0.0010050251256281408,0.001239503015572121,-0.00023447788994398013,-0.7579326947788478
2002,74,12787,0.0011730663955579887,0.0012465137118859964,-7.344731632800776e-05,-0.23538705762926967
2002,75,12611,0.001585917056537943,0.0012548931807714596,0.00033102387576648337,1.0500340204736363
2002,76,12426,0.0008852406244970224,0.0012575830044679345,-0.00037234237997091216,-1.17115146988301
2002,77,12218,0.0007366181044360779,0.00126764361478934,-0.0005310255103532621,-1.6496518512131904
2002,78,12028,0.0004988360492184902,0.001273558994275526,-0.0007747229450570358,-2.3823760848998785
2002,79,11798,0.0011018816748601457,0.0012830096332040594,-0.00018112795834391367,-0.5496085877180586
2002,80,11596,0.001466022766471197,0.0012871820123065893,0.0001788407541646077,0.5371311050957932
2002,81,11397,0.0010529086601737299,0.0012813991941502516,-0.00022849053397652167,-0.6818670339060985
2002,82,11212,0.0015162326079200855,0.0012799235027321325,0.00023630910518795305,0.699855053903075
2002,83,11016,0.001270878721859114,0.001277355395428853,-6.476673569739098e-06,-0.019032053529128908
2002,84,10828,0.0014776505356483192,0.0012770269689943874,0.0002006235666539317,0.5845659517005528
2002,85,10660,0.00150093808630394,0.0012748675660858941,0.00022607052021804581,0.6541344327792038
2002,86,10460,0.0014340344168260039,0.0012768153234623309,0.00015721909336367302,0.45028193194449695
2002,87,10292,0.000971628449280995,0.001270527767384709,-0.000298899318103714,-0.8512532823907365
2002,88,10107,0.0009894132779261898,0.001264236111757141,-0.0002748228338309512,-0.777543239626037
2002,89,9937,0.0008050719533058267,0.001260422053886548,-0.00045535010058072125,-1.279348766681464
2002,90,9789,0.0011237102870569006,0.0012579405736425286,-0.000134230286585628,-0.37468210321600826
2002,91,9641,0.0016595788818587283,0.0012586018742695632,0.00040097700758916503,1.1104775904871311
2002,92,9481,0.0012656892732834089,0.0012595873555751194,6.101917708289462e-06,0.01675147146258481
2002,93,9314,0.0005368262830148165,0.001261464415463707,-0.0007246381324488905,-1.970270683223642
2002,94,9162,0.0008731717965509714,0.0012666054015416667,-0.00039343360499069534,-1.0588175771698853
2002,95,8970,0.0008918617614269788,0.0012732493293217601,-0.0003813875678947813,-1.0129375815996853
2002,96,8798,0.0011366219595362582,0.0012791444590593405,-0.00014252249952308236,-0.3740189034722
2002,97,8622,0.0008118765947575968,0.001287212174541214,-0.0004753355797836172,-1.2310025649051664
2002,98,8440,0.0015402843601895735,0.0012975287363124627,0.00024275562387711088,0.6195323210859557
2002,99,8278,0.0012080212611741967,0.0013055823630357699,-9.756110186157313e-05,-0.24582211967257864
2002,100,8146,0.000859317456420329,0.0013056791898033281,-0.0004463617333829991,-1.1156414129990675
2002,101,7997,0.0015005627110166312,0.0013098476437110806,0.0001907150673055506,0.4715446025939408
2002,102,7879,0.001523035918263739,0.0013156669390594904,0.0002073689792042486,0.5077994671384838
2002,103,7732,0.0011639937920331091,0.0013198694446237714,-0.00015587565259066226,-0.37752482527812636
2002,104,7608,0.0006572029442691904,0.0013247644359313767,-0.0006675614916621863,-1.6008294219576165
2002,105,7487,0.0021370375317216507,0.0013280326760356765,0.0008090048556859742,1.9221586691193084
2002,106,7371,0.000542667209333876,0.0013206303213965055,-0.0007779631120626295,-1.839155876378021
2002,107,7246,0.001380071763731714,0.0013208688920266691,5.9202871705044905e-05,0.13875514467732564
2002,108,7089,0.0012695725772323319,0.0013182133981070002,-4.864082087466834e-05,-0.11287219176022666
2002,109,6950,0.0005755395683453237,0.0013163344387307687,-0.000740794870385445,-1.7033083426008815
2002,110,6827,0.0007323861139592793,0.0013112052255944055,-0.0005788191116351262,-1.321622395999831
2002,111,6727,0.0008919280511372082,0.0013008038074552508,-0.00040887575631804254,-0.9304195440132852
2002,112,6592,0.000758495145631068,0.0012891061165181301,-0.0005306109708870622,-1.2006615318383806
2002,113,6488,0.0010789149198520344,0.0012724997603963542,-0.0001935848405443198,-0.4373955969046103
2002,114,6379,0.0004702931493964571,0.0012480793233670805,-0.0007777861739706234,-1.7594892263839994
2002,115,6260,0.0004792332268370607,0.0012243265127574396,-0.0007450932859203788,-1.6858355643282905
2002,116,6156,0.0014619883040935672,0.001194484625814449,0.0002675036782791181,0.6076427430863317
2002,117,6032,0.0008289124668435014,0.0011541781755429969,-0.0003252657086994955,-0.7440177366042827
2002,118,5913,0.0010147133434804667,0.0011171910643681961,-0.00010247772088772941,-0.23589155944854578
2002,119,5781,0.0012108631724615118,0.0010748035024456895,0.00013605967001582234,0.31571838868732827
2002,120,5620,0.0007117437722419929,0.001037893887248216,-0.00032615011500622317,-0.7593372577244673
2003,0,38876,0.0,4.02552922101457e-05,-4.02552922101457e-05,-1.2510106876484468
2003,1,46232,0.0,5.171876706387268e-05,-5.171876706387268e-05,-1.5463459212199593
2003,2,47986,0.0,6.673148437961057e-05,-6.673148437961057e-05,-1.7895224809221082
2003,3,48382,0.00010334421892439338,8.471579789821822e-05,1.8628421026175158e-05,0.44519896634003175
2003,4,48248,0.00014508373404078926,0.00010528690633923375,3.979682770155551e-05,0.8519690026801237
2003,5,47848,4.179903026249791e-05,0.00012848982873278451,-8.66907984702866e-05,-1.673009571609285
2003,6,47442,0.00010539184688672485,0.00015326485946289418,-4.7873012576169334e-05,-0.842333824351018
2003,7,47093,0.0002335803622619073,0.00017963513440678275,5.394522785512454e-05,0.8735234730891458
2003,8,46795,0.0001923282401966022,0.00020674437612386418,-1.4416135927261965e-05,-0.21690853474417135
2003,9,46490,0.00017208001720800173,0.00023413013993272536,-6.205012272472363e-05,-0.8744693702858762
2003,10,46178,0.00023820867079561695,0.0002614064231854241,-2.3197752389807143e-05,-0.30836289334250694
2003,11,45783,0.0002839481903763406,0.00028747686815745505,-3.5286777811144743e-06,-0.044537425380095495
2003,12,45316,0.00026480713213875896,0.00031120260613646015,-4.639547399770119e-05,-0.5599475835060439
2003,13,44770,0.00022336385972749609,0.00033320086718048407,-0.00010983700745298799,-1.2733903174615167
2003,14,44220,0.00020352781546811397,0.0003525482934744538,-0.0001490204780063398,-1.6692545982294167
2003,15,43721,0.0003659568628347933,0.00036936675982863733,-3.4098969938440096e-06,-0.03710544294395176
2003,16,43238,0.0003469170636939729,0.0003827629513020215,-3.584588760804859e-05,-0.38105733157502436
2003,17,42780,0.00016362786348761104,0.00039409141651571494,-0.0002304635530281039,-2.4016501737096405
2003,18,42373,0.00025959927312203525,0.0004034960868045264,-0.00014389681368249114,-1.474904009013079
2003,19,41903,0.00021478175786936496,0.00040983863972584124,-0.00019505688185647628,-1.9727243202477553
2003,20,41465,0.00026528397443627153,0.0004143322205836803,-0.00014904824614740876,-1.4913629197133946
2003,21,41000,0.0003414634146341463,0.00041751188328715037,-7.604846865300405e-05,-0.7537696756625163
2003,22,40535,0.00022203034414703342,0.0004195121825565296,-0.00019748183840949618,-1.9416058714458955
2003,23,40095,0.0003242299538595835,0.0004211606085242875,-9.693065466470402e-05,-0.9459623591948176
2003,24,39634,0.00020184689912701217,0.0004214006846520152,-0.00021955378552500303,-2.1297017557683273
2003,25,39170,0.00040847587439366863,0.00042292993795024417,-1.4454063556575537e-05,-0.13913115453136948
2003,26,38737,0.0004388569068332602,0.00042434065001678296,1.4516256816477218e-05,0.138724280206402
2003,27,38292,0.0006006476548626344,0.0004260262671425089,0.00017462138772012556,1.6558683381351007
2003,28,37867,0.00023767396413763964,0.0004277235255473294,-0.00019004956140968978,-1.788581158461998
2003,29,37469,0.000160132376097574,0.00043061752166455997,-0.000270485145566986,-2.523638532401019
2003,30,37070,0.0005395198273536552,0.00043266129741423623,0.00010685852993941899,0.9893283075757986
2003,31,36706,0.00040865253637007576,0.0004354983121650542,-2.6845775794978447e-05,-0.2465164123900387
2003,32,36385,0.0003023223855984609,0.0004381686394901411,-0.00013584625389168015,-1.2381788428474017
2003,33,36075,0.0004158004158004158,0.0004418058791693136,-2.6005463368897782e-05,-0.23504335582269908
2003,34,35778,0.00025155123260103975,0.0004448665248554914,-0.00019331529225445165,-1.7340275754440848
2003,35,35477,0.0004791836964794092,0.00044878323451497977,3.0400461964429418e-05,0.27035399339788163
2003,36,35169,0.00031277545565697065,0.00045232216062571033,-0.00013954670496873968,-1.2307615100257505
2003,37,34875,0.0003154121863799283,0.00045794913598498383,-0.00014253694960505552,-1.2441576425454153
2003,38,34582,0.00037591810768607944,0.0004629567891900774,-8.703868150399793e-05,-0.7524327344053537
2003,39,34308,0.0004372158097236796,0.00046750292221920184,-3.028711249552222e-05,-0.25951648310721703
2003,40,34070,0.00044027003228646906,0.00047237841332752024,-3.210838104105118e-05,-0.2727483006469333
2003,41,33826,0.0002069414060190386,0.00047713660997204544,-0.0002701952039530068,-2.275543916321213
2003,42,33542,0.0003279470514578737,0.0004839335777487617,-0.00015598652629088798,-1.2989540728467635
2003,43,33311,0.00042028158866440514,0.0004906474306850563,-7.036584202065114e-05,-0.5799326079493724
2003,44,33075,0.0002418745275888133,0.0004968601344210041,-0.0002549856068321908,-2.08092503595953
2003,45,32842,0.00045673223311613176,0.0005035488211098594,-4.6816587993727635e-05,-0.37818398814159476
2003,46,32635,0.0002451355906235637,0.0005104441683565586,-0.0002653085777329949,-2.121924105714377
2003,47,32387,0.0004631487942693056,0.0005189020667472621,-5.575327247795656e-05,-0.4405809666993209
2003,48,32148,0.0003732736095558044,0.0005275892171286929,-0.00015431560757288851,-1.2049068468841806
2003,49,31927,0.0003132145206251762,0.000536624123217543,-0.00022340960259236684,-1.7237026683487118
2003,50,31675,0.00022099447513812155,0.0005463673845695447,-0.00032537290943142317,-2.478083830797967
2003,51,31448,0.00031798524548460954,0.0005563130434291989,-0.0002383277979445894,-1.7923896599055467
2003,52,31202,0.0003525415037497596,0.0005666885845390607,-0.00021414708078930107,-1.5894769431153484
2003,53,30986,0.000580907506615891,0.0005775392048279192,3.3683017879717952e-06,0.024679051603189825
2003,54,30786,0.00048723445722081467,0.000588199110274233,-0.0001009646530534183,-0.7306536724901453
2003,55,30574,0.0002616602341859096,0.0005999538247633685,-0.0003382935905774589,-2.4156905725724
2003,56,30362,0.00039523088070614587,0.0006119698325965069,-0.00021673895189036103,-1.5271091458018786
2003,57,30179,0.00036449186520428115,0.0006238295767591773,-0.00025933771155489617,-1.8043493236495753
2003,58,29979,0.0004002801961372961,0.0006362219770544161,-0.00023594178091711996,-1.6201203928967514
2003,59,29750,0.00036974789915966385,0.000647300794104639,-0.00027755289494497514,-1.8822477285247539
2003,60,29536,0.0005755687973997833,0.0006596306604699771,-8.406186307019384e-05,-0.5626880836923231
2003,61,29344,0.0006815703380588877,0.000672122781852511,9.44755620637663e-06,0.062445454644499195
2003,62,29157,0.0008231299516411153,0.0006848273180536212,0.00013830263358749408,0.9027346027578611
2003,63,28928,0.0005876659292035399,0.0006963486485069836,-0.00010868271930344377,-0.7007411070206424
2003,64,28713,0.0006617211715947481,0.000707378318408094,-4.565714681334593e-05,-0.2909885103120719
2003,65,28441,0.0005625681234837031,0.0007172429358996085,-0.00015467481241590532,-0.9743493338673971
2003,66,28149,0.000959181498454652,0.0007281844719910399,0.00023099702646361216,1.4367306242595868
2003,67,27882,0.0005021160605408507,0.0007395666112406528,-0.0002374505506998021,-1.4585024023045603
2003,68,27563,0.0006167688568007837,0.0007509290522538227,-0.00013416019545303898,-0.8131124201232239
2003,69,27237,0.0006975804971178911,0.0007619353251725342,-6.435482805464317e-05,-0.38491712241999065
2003,70,26905,0.000594685002787586,0.0007710634280018754,-0.00017637842521428938,-1.042280002633574
2003,71,26542,0.0010926079421294552,0.0007810793462690298,0.0003115285958604254,1.8167151525215965
2003,72,26137,0.0008799785744347094,0.0007883782135408859,9.160036089382356e-05,0.5276294259696874
2003,73,25765,0.0010479332427712012,0.0007951917869358062,0.00025274145583539494,1.439223877726065
2003,74,25367,0.001143217566129223,0.0008001080376177754,0.00034310952851144747,1.9327105960928495
2003,75,25009,0.0009196689191890919,0.0008056755130001394,0.00011399340618895254,0.6353643347506956
2003,76,24635,0.001177186929165821,0.000808447969392717,0.00036873895977310406,2.036314695588301
2003,77,24288,0.0010293148880105402,0.0008102604015149857,0.00021905448649555456,1.1998079610316292
2003,78,23992,0.0010836945648549517,0.0008118199562073522,0.0002718746086475995,1.4785920613036225
2003,79,23703,0.0008859638020503734,0.0008145165847310589,7.144721731931454e-05,0.38557951559326803
2003,80,23396,0.000769362284151137,0.0008162824786342502,-4.69201944831132e-05,-0.2512972282978195
2003,81,23099,0.0006060868435863024,0.0008168675230607917,-0.0002107806794744893,-1.1213186041702803
2003,82,22773,0.0009660562947349932,0.0008184891340886323,0.00014756716064636094,0.7787018212269926
2003,83,22416,0.0008029978586723769,0.0008185930219276863,-1.559516325530942e-05,-0.0816418417461134
2003,84,22093,0.0008147376997238944,0.0008175260987818237,-2.788399057929267e-06,-0.014501370771752243
2003,85,21709,0.0004606384448846101,0.0008162104907279515,-0.0003555720458433414,-1.8345254619983065
2003,86,21297,0.0009390994036718787,0.0008169074815985054,0.00012219192207337329,0.6241554063572893
2003,87,20904,0.001148105625717566,0.0008194740556124451,0.0003286315701051209,1.6604828536148715
2003,88,20472,0.0007327080890973036,0.0008218616078310365,-8.915351873373285e-05,-0.44514122516208515
2003,89,20062,0.0007476821852258,0.0008225577293744309,-7.487554414863085e-05,-0.3699325962454565
2003,90,19671,0.0011183976411977023,0.0008242195435910672,0.0002941780976066351,1.4377426333705694
2003,91,19301,0.0005699186570644008,0.0008250828453767461,-0.0002551641883123453,-1.2346392719991939
2003,92,18994,0.0006844266610508582,0.000827656177217868,-0.00014322951616700978,-0.6864288986081964
2003,93,18635,0.0010732492621411322,0.0008300327104920556,0.00024321655164907666,1.1528970702865198
2003,94,18306,0.0011471648639790233,0.000832400448237933,0.00031476441574109035,1.4767161832651592
2003,95,17997,0.0007223426126576652,0.0008346017317507006,-0.00011225911909303542,-0.5215108576023882
2003,96,17658,0.0008494733265375467,0.0008383705196336685,1.1102806903878163e-05,0.05097622488126317
2003,97,17355,0.0011524056467876692,0.0008404439324301611,0.0003119617143575081,1.4182141398157528
2003,98,17038,0.001291231365183707,0.0008420745650008475,0.00044915680018285946,2.021226309220917
2003,99,16694,0.000958428177788427,0.000847080228041195,0.00011134794974723195,0.4945203591761883
2003,100,16381,0.0006715096758439656,0.0008530624899565787,-0.00018155281411261312,-0.7959175597925325
2003,101,16063,0.001182842557430119,0.000858411321152269,0.00032443123627784996,1.404024720758786
2003,102,15762,0.000951655881233346,0.0008646037947360183,8.705208649732764e-05,0.3718468487561711
2003,103,15449,0.0009709366302026021,0.000866669161282046,0.00010426746892055604,0.44041349962516235
2003,104,15136,0.0005285412262156448,0.000868437400906397,-0.0003398961746907521,-1.4196171513311802
2003,105,14810,0.0012153950033760973,0.0008693706250103604,0.00034602437836573697,1.4287972609918378
2003,106,14509,0.0006203046385002412,0.0008706823060526351,-0.0002503776675523939,-1.0225242557558745
2003,107,14176,0.0007054176072234763,0.0008717706213027182,-0.00016635301407924184,-0.671113224630074
2003,108,13854,0.0011549011115923199,0.0008699102194881474,0.0002849908921041725,1.1378115469564973
2003,109,13530,0.0007390983000739098,0.0008653844292320672,-0.00012628612915815734,-0.4995604048276268
2003,110,13228,0.0011339582703356517,0.000857300969010019,0.00027665730132563266,1.0871984197231246
2003,111,12896,0.0009305210918114144,0.0008457593792230532,8.476171258836119e-05,0.3311216334787138
2003,112,12583,0.001271556862433442,0.0008328614119001618,0.0004386954505332802,1.7058851452233528
2003,113,12263,0.0008970072576041752,0.0008170568396800343,7.99504179241409e-05,0.3098635282342725
2003,114,11967,0.0010863207153004094,0.0008001680819177975,0.0002861526333826119,1.107066233117172
2003,115,11657,0.0005147121901003689,0.0007772700862654313,-0.00026255789616506237,-1.0171882920269488
2003,116,11380,0.0008787346221441124,0.0007549981078190811,0.0001237365143250313,0.48057379407965656
2003,117,11102,0.0010808863267879661,0.0007309396740102485,0.0003499466527777176,1.364333262356554
2003,118,10786,0.0006489894307435565,0.000704066838563335,-5.5077407819778545e-05,-0.21565011570077597
2003,119,10475,0.00047732696897374703,0.0006757900023474572,-0.00019846303337371017,-0.7816234042976181
2003,120,10110,0.0006923837784371909,0.0006498401708499837,4.254360758720714e-05,0.16786021368511772
2004,0,42208,0.0,5.443651127365879e-05,-5.443651127365879e-05,-1.5158434454253549
2004,1,47196,0.0,7.099321275949042e-05,-7.099321275949042e-05,-1.8305282177110687
2004,2,48131,0.0,9.250442657664457e-05,-9.250442657664457e-05,-2.110152234780201
2004,3,48374,0.00012403357175342126,0.00011793079651984096,6.102775233580296e-06,0.12360765551548104
2004,4,48245,0.0001658202922582651,0.00014652021711463275,1.9300075143632346e-05,0.35024197831007997
2004,5,47999,0.00027083897581199606,0.0001784064467309397,9.243252908105638e-05,1.516262530614938
2004,6,47734,0.0002723425650479742,0.0002126865825407136,5.965598250726059e-05,0.8938076343605319
2004,7,47395,0.0001898934486760207,0.00024857001298281175,-5.8676564306791066e-05,-0.8103274592857379
2004,8,47018,0.00019141605342634736,0.00028612981551058293,-9.471376208423557e-05,-1.2142993064513716
2004,9,46634,0.0002573229832311189,0.0003239710998113049,-6.664811658018598e-05,-0.7997540370546457
2004,10,46182,0.0002381880386297692,0.0003608705406066445,-0.00012268250197687534,-1.388102875643951
2004,11,45700,0.000350109409190372,0.00039633817409402434,-4.6228764903652345e-05,-0.4965048775027086
2004,12,45191,0.00046469429753712025,0.00042882013330658783,3.5874164230532415e-05,0.36835224503822434
2004,13,44671,0.00038056009491616483,0.00045846904454900644,-7.790894963284161e-05,-0.7692097063373762
2004,14,44137,0.0005437614699685072,0.0004846475739787131,5.911389598979409e-05,0.564265155224176
2004,15,43605,0.0003669303978901502,0.0005068924397408907,-0.00013996204185074052,-1.2984660720379506
2004,16,43162,0.0005328761410499977,0.0005263231365136706,6.553004536327114e-06,0.05935801070183773
2004,17,42678,0.0006326444538169548,0.0005423395153801327,9.03049384368221e-05,0.8013010384305829
2004,18,42199,0.0006398255882840826,0.0005542993075178935,8.55262807661891e-05,0.7464468612234034
2004,19,41783,0.000526529928439796,0.0005634186722108949,-3.688874377109886e-05,-0.31776088518019957
2004,20,41406,0.0006762304979954596,0.0005698689533740352,0.00010636154462142448,0.9068857060049184
2004,21,41036,0.0006335900185203236,0.0005752163024759016,5.8373716044422016e-05,0.4931842528026689
2004,22,40680,0.0006882989183874139,0.0005786360689142312,0.00010966284947318272,0.9197566430997073
2004,23,40304,0.0004962286621675268,0.0005804099857712285,-8.418132360370168e-05,-0.7016951232532961
2004,24,39947,0.000425563872130573,0.0005829570413660854,-0.0001573931692355124,-1.3032757467331566
2004,25,39603,0.00042926040956493193,0.0005854577994508449,-0.00015619738988591295,-1.2850415939138569
2004,26,39254,0.0006368777704183013,0.0005876007119996061,4.927705841869525e-05,0.40287768285709996
2004,27,38927,0.0004110257661777173,0.0005917394895817612,-0.0001807137234040439,-1.4661549059941898
2004,28,38586,0.0007774840615767377,0.0005955082202217096,0.0001819758413550281,1.465257952353688
2004,29,38248,0.0006797741058355993,0.0005990378599919419,8.073624584365737e-05,0.6453211504739488
2004,30,37909,0.0005275792028278245,0.0006023171333614182,-7.47379305335936e-05,-0.5931034560650502
2004,31,37588,0.0005852931786740449,0.0006063127338725677,-2.1019555198522732e-05,-0.1655508767048069
2004,32,37245,0.0005369848301785474,0.0006112382117451727,-7.425338156662523e-05,-0.5797993804480314
2004,33,36903,0.0006774516976939544,0.0006165119068010855,6.093979089286886e-05,0.47162300064770557
2004,34,36587,0.000601306474977451,0.0006218885731166968,-2.0582098139245754e-05,-0.1579180744237696
2004,35,36306,0.0005508731339172588,0.000627106991887467,-7.623385797020821e-05,-0.5802330949098066
2004,36,36041,0.0007768929829915929,0.000633721500647701,0.00014317148234389192,1.0800487814810849
2004,37,35752,0.00030767509509957485,0.0006406848597904208,-0.00033300976469084596,-2.4884222510937035
2004,38,35475,0.00062015503875969,0.0006477135269742422,-2.7558488214552237e-05,-0.20401673967600073
2004,39,35183,0.0007674160816303329,0.0006556308383498401,0.00011178524328049274,0.8191503839156682
2004,40,34911,0.0006874624043997594,0.000664291209960687,2.3171194439072372e-05,0.16803301119457897
2004,41,34664,0.0008077544426494346,0.0006719649470658698,0.00013578949558356484,0.9756143241285794
2004,42,34415,0.0005520848467238123,0.0006803311369300961,-0.00012824629020628385,-0.9124441820763447
2004,43,34148,0.0008492444652688298,0.000688987043968979,0.00016025742129985082,1.1286126718907603
2004,44,33895,0.0009145891724443133,0.0006986578732719401,0.00021593129917237323,1.5045371047797036
2004,45,33646,0.0009213576651013494,0.0007089126038072723,0.00021244506129407704,1.4641008876074961
2004,46,33405,0.0008381978745696752,0.0007199067463599887,0.00011829112820968654,0.8060763370598051
2004,47,33198,0.0009337911922404964,0.0007319552316060792,0.0002018359606344172,1.3597881337185131
2004,48,32957,0.0009406195952301483,0.000743767117164714,0.00019685247806543432,1.3108645002933736
2004,49,32711,0.001131117972547461,0.0007572614624544287,0.00037385651009303237,2.4580653775004917
2004,50,32430,0.0010175763182238668,0.0007709141530820813,0.0002466621651417855,1.6004439557562125
2004,51,32124,0.0011829161997260614,0.0007850664340016799,0.0003978497657243815,2.545958103711282
2004,52,31816,0.0010686447070656273,0.0008000028973802967,0.00026864180968533063,1.6948232041908249
2004,53,31518,0.0010470207500475918,0.0008161772602781252,0.00023084348976946663,1.435099504237695
2004,54,31121,0.0016708974647344237,0.0008344934592340806,0.000836404005500343,5.109903408663086
2004,55,30742,0.0013987378830264785,0.0008522292020406862,0.0005465086809857923,3.283749777659601
2004,56,30317,0.001781178876537916,0.0008692034227055927,0.0009119754538323234,5.388332343646091
2004,57,29883,0.0015058729043268748,0.0008864509410387849,0.0006194219632880899,3.598022881024398
2004,58,29445,0.0014603498047206656,0.0009046393551902345,0.0005557104495304312,3.171853592871409
2004,59,29013,0.0015854961568951848,0.0009248898581843444,0.0006606062987108405,3.701646574437815
2004,60,28559,0.0017857768129136175,0.0009438768511388451,0.0008418999617747724,4.633182182712886
2004,61,28115,0.0014582962831228882,0.0009615877692996654,0.0004967085138232228,2.687107797595826
2004,62,27692,0.0018777986422071355,0.000981211699249127,0.0008965869429580085,4.765422209265908
2004,63,27298,0.0016851051359073924,0.0009986109309934215,0.0006864942049139709,3.591046975740028
2004,64,26895,0.001598810187767243,0.0010173254861665104,0.0005814847016007325,2.991335514386738
2004,65,26561,0.0014683182109107337,0.0010346092390783616,0.00043370897183237205,2.1986556682542964
2004,66,26247,0.0016763820627119289,0.0010516823066160318,0.0006246997560958971,3.122463557261531
2004,67,25931,0.0017353746481045852,0.001069419422429509,0.0006659552256750763,3.2810509603725837
2004,68,25555,0.0021130894149872822,0.0010868327918528234,0.0010262566231344589,4.979075135505281
2004,69,25159,0.001828371556898128,0.001102931987489478,0.00072543956940865,3.466675513080614
2004,70,24783,0.0017350603236089255,0.0011197416585181108,0.0006153186650908148,2.8964190468667486
2004,71,24336,0.0018902038132807364,0.0011364730035585272,0.0007537308097222092,3.489861781898221
2004,72,23904,0.00196619812583668,0.001149735425989288,0.0008164626998473923,3.7249674984517442
2004,73,23454,0.0011085529120832267,0.0011604742388272478,-5.1921326744021074e-05,-0.23355470999053363
2004,74,23036,0.001779822885917694,0.0011734192893472863,0.0006064035965704076,2.6883985108597033
2004,75,22619,0.0013705292011141077,0.0011849974053368506,0.0001855317957772571,0.8110615630036946
2004,76,22217,0.0013503173245712743,0.001196205661890097,0.00015411166268117726,0.6645615262968191
2004,77,21769,0.001240295833524737,0.0012060814703358177,3.4214363188919336e-05,0.14544588332030262
2004,78,21357,0.001919745282577141,0.0012130416297757031,0.0007067036528014378,2.9671067784788643
2004,79,20906,0.001530661054242801,0.0012181583437362068,0.0003125027105065942,1.295394564596519
2004,80,20472,0.0015631105900742479,0.0012238413172842245,0.0003392692727900233,1.388442904269981
2004,81,20088,0.0015929908403026682,0.0012281507101835488,0.00036484013011911943,1.4764269819067826
2004,82,19730,0.001824632539280284,0.001228147496744603,0.0005964850425356808,2.392239678447542
2004,83,19376,0.001703137902559868,0.001231449606376004,0.00047168829618386395,1.8721748716533488
2004,84,19049,0.002152343955063258,0.0012319251511595866,0.0009204188039036712,3.6215716899948607
2004,85,18714,0.0011221545367104842,0.0012303214998051304,-0.00010816696309464617,-0.42212003734126896
2004,86,18389,0.001305128065691446,0.0012315991109027435,7.352895478870253e-05,0.28429575090212256
2004,87,18087,0.0015480732017471113,0.0012314087063968633,0.00031666449535024794,1.214364586693854
2004,88,17741,0.0014655318189504538,0.0012312302663909653,0.00023430155255948853,0.8899428042667923
2004,89,17387,0.0010352562259159143,0.0012321000879424774,-0.00019684386202656313,-0.7399100428336113
2004,90,17038,0.0016433853738701725,0.0012348801809398573,0.00040850519293031515,1.5183181893799358
2004,91,16652,0.001441268316118184,0.0012361607972056746,0.00020510751891250948,0.753261713760095
2004,92,16282,0.0011669328092371945,0.0012370756193062088,-7.014281006901429e-05,-0.2546289069941465
2004,93,15920,0.0011306532663316582,0.0012424258453861581,-0.00011177257905449988,-0.4003515573300015
2004,94,15551,0.0017362227509484921,0.0012452546765168418,0.0004909680744316503,1.736096633061313
2004,95,15165,0.0021101219914276296,0.0012461403172507731,0.0008639816741768565,3.015872860728514
2004,96,14784,0.0015557359307359307,0.0012495399511292912,0.0003061959796066395,1.0538817688360973
2004,97,14385,0.00145985401459854,0.0012530729889348442,0.00020678102566369584,0.7010511498906925
2004,98,14020,0.0017118402282453639,0.001255287590985334,0.00045655263726002994,1.5267432136999028
2004,99,13657,0.0006590027092333602,0.0012594808870574716,-0.0006004781778241114,-1.9785760983061984
2004,100,13314,0.0013519603424966202,0.0012631156167186154,8.884472577800478e-05,0.28862824633760453
2004,101,12941,0.0016227494011281972,0.0012702512150867301,0.0003524981860414671,1.1258278880429224
2004,102,12578,0.0013515662267451105,0.001274043896353806,7.75223303913046e-05,0.24373463671797596
2004,103,12235,0.0011442582754393135,0.0012748125089133016,-0.00013055423347398815,-0.40471265681752605
2004,104,11881,0.0018516959851864322,0.0012797325536388873,0.0005719634315475449,1.7438664425911583
2004,105,11555,0.0008654262224145391,0.0012795230139295997,-0.0004140967915150606,-1.245204875364887
2004,106,11268,0.001597444089456869,0.001279439273883567,0.000318004815573302,0.9443332499611891
2004,107,10957,0.0010951902893127682,0.0012750226257373764,-0.00017983233642460822,-0.5275112379143545
2004,108,10681,0.001123490309896077,0.001269654225560909,-0.00014616391566483187,-0.42420840828965345
2004,109,10392,0.001058506543494996,0.0012613726959817618,-0.00020286615248676573,-0.5826550636756553
2004,110,10153,0.0007879444499162809,0.0012526819859288078,-0.0004647375360125269,-1.3239046728517252
2004,111,9935,0.0012078510317060896,0.0012389363757923815,-3.1085344086291935e-05,-0.08808142071231345
2004,112,9741,0.001026588645929576,0.0012213065309352811,-0.00019471788500570507,-0.5502507472729672
2004,113,9555,0.0013605442176870747,0.0011969618297730047,0.00016358238791407,0.4624574831261747
2004,114,9367,0.0016013664994128324,0.001173276764665089,0.0004280897347477433,1.2102908846280238
2004,115,9191,0.0013056250680013057,0.001144778332846877,0.00016084673515442873,0.45601765871185024
2004,116,9027,0.0017724603965880137,0.0011114650079562046,0.0006609953886318092,1.8847933442091465
2004,117,8870,0.0015783540022547915,0.0010761368794669913,0.0005022171227878002,1.442624734208057
2004,118,8732,0.002061383417315621,0.0010356465635007392,0.0010257368538148816,2.979971038025697
2004,119,8562,0.002102312543798178,0.0009964406687852625,0.0011058718750129157,3.2432705962607495
2004,120,8334,0.0014398848092152627,0.0009586198474159864,0.0004812649617992763,1.4196982454698936
