bin,rows,events,mean_predicted,observed_rate,min_predicted,max_predicted,bin_low,bin_high,standard_error,residual,z,population,variant
0,209126,8,1.721628053525292e-05,3.825444947065406e-05,7.359550409091753e-07,2.7787851649918593e-05,7.359550409091753e-07,2.7787884391727857e-05,9.07322982168937e-06,2.1038168935401137e-05,2.3187078194701765,train (in-sample),raw
1,209126,11,3.646983473145661e-05,5.2599868022149326e-05,2.77879062196007e-05,4.500732393353246e-05,2.7787884391727857e-05,4.50073326646816e-05,1.3205503443883083e-05,1.6130033290692715e-05,1.2214629574129794,train (in-sample),raw
2,209125,6,5.361364376441744e-05,2.8690974297668858e-05,4.500736758927815e-05,6.251781451283023e-05,4.50073326646816e-05,6.25179076450877e-05,1.601116904569362e-05,-2.4922669466748584e-05,-1.5565802469278036,train (in-sample),raw
3,209126,11,7.214422426853533e-05,5.2599868022149326e-05,6.251793092815205e-05,8.21173598524183e-05,6.25179076450877e-05,8.211739186663181e-05,1.857295909224876e-05,-1.954435624638601e-05,-1.052301690285995,train (in-sample),raw
4,209125,13,9.280567862606566e-05,6.216377764494919e-05,8.211743988795206e-05,0.00010389798990217969,8.211739186663181e-05,0.0001038980990415439,2.1065130064549038e-05,-3.0641900981116476e-05,-1.4546267166270381,train (in-sample),raw
5,209126,18,0.00011626837207924406,8.607251130897163e-05,0.0001038980990415439,0.00012925696501042694,0.0001038980990415439,0.0001292572531383485,2.3577705116016066e-05,-3.0195860770272434e-05,-1.280695496940486,train (in-sample),raw
6,209124,12,0.00014362203257599888,5.738222298731853e-05,0.00012925744522362947,0.0001586766156833619,0.0001292572531383485,0.00015867676120251417,2.620459224944235e-05,-8.623980958868035e-05,-3.2910189468991105,train (in-sample),raw
7,209127,19,0.00017563721423569011,9.08538830471436e-05,0.00015867676120251417,0.0001936940534505993,0.00015867676120251417,0.00019369419314898553,2.89777775301505e-05,-8.478333118854651e-05,-2.925805165711277,train (in-sample),raw
8,209126,37,0.00021412860579387986,0.000176926828801775,0.00019369422807358205,0.00023584759037476033,0.00019369419314898553,0.00023584767768625173,3.199534716859732e-05,-3.720177699210485e-05,-1.162724592300018,train (in-sample),raw
9,209124,51,0.0002604630856913331,0.00024387444769610376,0.00023584780865348876,0.0002867963630706072,0.00023584767768625173,0.00028679665410891175,3.528698768033425e-05,-1.6588637995229344e-05,-0.4701063787452262,train (in-sample),raw
10,209127,50,0.00031741982554437417,0.00023908916591353579,0.00028679665410891175,0.00035023351665586233,0.00028679665410891175,0.00035023402306251234,3.8953190324355205e-05,-7.833065963083839e-05,-2.010892021387596,train (in-sample),raw
11,209126,65,0.00038777670538072095,0.0003108174019490642,0.0003502343606669456,0.0004279939748812467,0.00035023402306251234,0.0004279941378626974,4.305292096759649e-05,-7.695930343165673e-05,-1.7875512671853244,train (in-sample),raw
12,209123,77,0.00047525850670687394,0.00036820435820067617,0.0004279947897884995,0.0005276916199363768,0.0004279941378626974,0.000527692143805325,4.7660744674351996e-05,-0.00010705414850619777,-2.2461702862105626,train (in-sample),raw
13,209128,106,0.0005919087260263887,0.0005068666080104051,0.000527692143805325,0.0006623347289860249,0.000527692143805325,0.0006623348454013468,5.318543428118364e-05,-8.504211801598361e-05,-1.5989738387088903,train (in-sample),raw
14,209125,144,0.0007485703409023726,0.0006885833831440526,0.0006623350200243294,0.0008441974641755223,0.0006623348454013468,0.0008441978134214878,5.9806821247818634e-05,-5.9986957758319964e-05,-1.0030119726603577,train (in-sample),raw
15,209126,217,0.0009647156654479304,0.0010376519418914913,0.0008441978134214878,0.001100439578294754,0.0008441978134214878,0.0011004439787939198,6.788691347321147e-05,7.293627644356098e-05,1.0743790328947864,train (in-sample),raw
16,209126,292,0.0012755450716558751,0.001396287405678873,0.0011004469124600291,0.001482624327763915,0.0011004439787939198,0.0014826253289356838,7.804889006201828e-05,0.00012074233402299792,1.5470089827934144,train (in-sample),raw
17,209125,460,0.0017724340074265334,0.002199641362821279,0.0014826293336227536,0.002121545374393463,0.0014826253289356838,0.002121546119451523,9.198072734321173e-05,0.00042720735539474573,4.644531172282299,train (in-sample),raw
18,209126,668,0.0027100521919221966,0.0031942465307996134,0.0021215463057160378,0.0035160749685019255,0.002121546119451523,0.0035160755272954708,0.00011368300187079107,0.00048419433887741687,4.259162151855725,train (in-sample),raw
19,209126,1340,0.006806293008312523,0.006407620286334554,0.0035160763654857874,0.0869128555059433,0.0035160755272954708,0.0869128555059433,0.00017979113948786231,-0.0003986727219779688,-2.217421409717931,train (in-sample),raw
0,52507,1,1.7062623655741128e-05,1.904507970365856e-05,9.467428867537819e-07,2.765321551123634e-05,9.467428867537819e-07,2.7653236611513424e-05,1.802646617680599e-05,1.982456047917433e-06,0.1099747464907009,holdout (in-time),raw
1,52506,1,3.631049876654245e-05,1.9045442425627548e-05,2.765342651400715e-05,4.4882002839585766e-05,2.7653236611513424e-05,4.4882062502438204e-05,2.629685158334054e-05,-1.72650563409149e-05,-0.6565446166130617,holdout (in-time),raw
2,52506,2,5.3438880241529954e-05,3.8090884851255096e-05,4.488230115384795e-05,6.230016879271716e-05,4.4882062502438204e-05,6.230020371731371e-05,3.19016101254308e-05,-1.5347995390274858e-05,-0.4811040988191375,holdout (in-time),raw
3,52506,1,7.173274579772915e-05,1.9045442425627548e-05,6.230028520803899e-05,8.16416140878573e-05,6.230020371731371e-05,8.164192840922626e-05,3.696057196723701e-05,-5.26873033721016e-05,-1.4255002173344409,holdout (in-time),raw
4,52506,3,9.217230688811218e-05,5.713632727688264e-05,8.164239989127964e-05,0.00010322862362954766,8.164192840922626e-05,0.00010322877642465755,4.189630722461184e-05,-3.503597961122954e-05,-0.8362545993229632,holdout (in-time),raw
5,52506,0,0.00011560090301738726,0.0,0.00010322892921976745,0.0001285778998862952,0.00010322877642465755,0.00012857826659455897,4.6919247944616847e-05,-0.00011560090301738726,-2.4638268531891594,holdout (in-time),raw
6,52504,4,0.0001429365123754202,7.618467164406521e-05,0.0001285785110667348,0.0001579449453856796,0.00012857826659455897,0.00015794568753335625,5.2172825167734355e-05,-6.675184073135499e-05,-1.2794369581625962,holdout (in-time),raw
7,52508,9,0.00017480756000553996,0.00017140245295954902,0.00015794568753335625,0.00019302646978758276,0.00015794568753335625,0.00019302690052427354,5.769383456275812e-05,-3.4051070459909395e-06,-0.05902029344724759,holdout (in-time),raw
8,52506,8,0.0002135867725776443,0.00015236353940502038,0.0001930270082084462,0.0002354790922254324,0.00019302690052427354,0.00023548130557173868,6.377292325173805e-05,-6.122323317262393e-05,-0.9600192378033316,holdout (in-time),raw
9,52506,11,0.0002601770789056688,0.000209499866681903,0.000235481551499106,0.0002865730784833431,0.00023548130557173868,0.0002865738933905959,7.03839353157858e-05,-5.067721222376577e-05,-0.7200110649737971,holdout (in-time),raw
10,52507,10,0.00031757906758896423,0.0001904507970365856,0.0002865738933905959,0.00035095648490823805,0.0002865738933905959,0.00035095663333777353,7.775858688946599e-05,-0.00012712827055237863,-1.6349097332889004,holdout (in-time),raw
11,52506,18,0.0003888453457825594,0.00034281796366129587,0.00035095796920359135,0.0004296510014683008,0.00035095663333777353,0.00042965148459188655,8.603982776187128e-05,-4.602738212126353e-05,-0.5349543730916284,holdout (in-time),raw
12,52506,13,0.00047799202482066993,0.00024759075153315814,0.00042965341708622873,0.0005307327955961227,0.00042965148459188655,0.0005307332670781762,9.53898220722234e-05,-0.0002304012732875118,-2.4153653742331747,holdout (in-time),raw
13,52506,35,0.0005948049942919014,0.0006665904848969642,0.0005307343672029674,0.0006650332943536341,0.0005307332670781762,0.0006650335504673422,0.00010640294229675906,7.178549060506275e-05,0.6746570071798595,holdout (in-time),raw
14,52506,43,0.0007498601700059959,0.0008189540243019846,0.0006650339346379042,0.0008444942650385201,0.0006650335504673422,0.0008444946724921465,0.0001194600754564881,6.909385429598866e-05,0.5783844856280479,holdout (in-time),raw
15,52506,43,0.0009614613607953528,0.0008189540243019846,0.0008444950799457729,0.001096265739761293,0.0008444946724921465,0.001096269791014493,0.0001352547641790714,-0.00014250733649336827,-1.0536215663700745,holdout (in-time),raw
16,52506,81,0.0012776397371672484,0.0015426808364758314,0.001096272491849959,0.0014881796669214964,0.001096269791014493,0.0014881910756230365,0.00015589138838852898,0.000265041099308583,1.700165108851424,holdout (in-time),raw
17,52506,115,0.0017732298921333803,0.002190225878947168,0.0014881959650665522,0.0021262860391288996,0.0014881910756230365,0.0021263070870190873,0.00018360844858187096,0.0004169959868137879,2.2711154635558586,holdout (in-time),raw
18,52506,170,0.0027220233062748914,0.003237725212356683,0.0021263123489916325,0.0035617065150290728,0.0021263070870190873,0.003561792010441425,0.00022737858881731533,0.0005157019060817915,2.2680319583482254,holdout (in-time),raw
19,52507,316,0.007147408505518182,0.006018245186356105,0.0035618015099316835,0.050816845148801804,0.003561792010441425,0.050816845148801804,0.00036762758088421213,-0.0011291633191620768,-3.071486955484218,holdout (in-time),raw
0,209126,8,1.8372978876813977e-05,3.825444947065406e-05,8.44829251566181e-07,2.9392002471793982e-05,8.44829251566181e-07,2.939203632314808e-05,9.373068325350348e-06,1.9881470593840082e-05,2.1211272449672394,train (in-sample),platt
1,209126,11,3.833165263487377e-05,5.2599868022149326e-05,2.939205889071748e-05,4.709089242947767e-05,2.939203632314808e-05,4.709090135891513e-05,1.3538371675483659e-05,1.4268215387275553e-05,1.0539092683585836,train (in-sample),platt
2,209125,6,5.586939386883671e-05,2.8690974297668858e-05,4.709093707666496e-05,6.492927654111066e-05,4.709090135891513e-05,6.49293710854918e-05,1.6344508699767465e-05,-2.7178419571167854e-05,-1.6628471415328945,train (in-sample),platt
3,209126,11,7.468045088942242e-05,5.2599868022149326e-05,6.492939472158708e-05,8.476220706315545e-05,6.49293710854918e-05,8.476223936362502e-05,1.889658098518377e-05,-2.2080582867273095e-05,-1.168496189050591,train (in-sample),platt
4,209125,13,9.552612242581355e-05,6.216377764494919e-05,8.476228781432936e-05,0.00010667714742543718,8.476223936362502e-05,0.00010667725695827253,2.137161556538173e-05,-3.3362344780864364e-05,-1.561058623705805,train (in-sample),platt
5,209126,18,0.0001190709219406368,8.607251130897163e-05,0.00010667725695827253,0.0001320627339885146,0.00010667725695827253,0.00013206302173518914,2.3860139877099217e-05,-3.299841063166517e-05,-1.382993176135434,train (in-sample),platt
6,209124,12,0.00014638585760983754,5.738222298731853e-05,0.00013206321356630543,0.00016137334638445297,0.00013206302173518914,0.00016137349104087842,2.64554913806026e-05,-8.900363462251902e-05,-3.3642782642766287,train (in-sample),platt
7,209127,19,0.00017820726173364517,9.08538830471436e-05,0.00016137349104087842,0.00019610247633055543,0.00016137349104087842,0.00019610261457796483,2.9188981693437836e-05,-8.735337868650156e-05,-2.9926833215336197,train (in-sample),platt
8,209126,37,0.00021629388324065498,0.000176926828801775,0.00019610264913981718,0.00023772273064705143,0.00019610261457796483,0.00023772281666908948,3.2156674594186476e-05,-3.9367054438879976e-05,-1.2242265388348659,train (in-sample),platt
9,209124,51,0.00026193794701226934,0.00024387444769610376,0.00023772294570214647,0.00028780501354942105,0.00023772281666908948,0.0002878052990285071,3.5386726094904664e-05,-1.8063499316165583e-05,-0.5104597488821252,train (in-sample),platt
10,209127,50,0.00031779699043682627,0.00023908916591353579,0.0002878052990285071,0.00034988590491318104,0.0002878052990285071,0.00034988639941529857,3.8976318600012374e-05,-7.870782452329048e-05,-2.0193755426472086,train (in-sample),platt
11,209126,65,0.0003864895210562261,0.0003108174019490642,0.0003498867290833768,0.0004256414341175003,0.00034988639941529857,0.0004256415925503773,4.2981434405324416e-05,-7.56721191071619e-05,-1.7605768665967987,train (in-sample),platt
12,209123,77,0.0004715128341828994,0.00036820435820067617,0.0004256422262818845,0.0005223205471268107,0.0004256415925503773,0.0005223210539795211,4.747264690188371e-05,-0.00010330847598222323,-2.1761684406546955,train (in-sample),platt
13,209128,106,0.0005843422603440951,0.0005068666080104051,0.0005223210539795211,0.000652244957964615,0.0005223210539795211,0.000652245070023837,5.284460191238104e-05,-7.747565233369002e-05,-1.4661034340299977,train (in-sample),platt
14,209125,144,0.0007350976980878228,0.0006885833831440526,0.0006522452381126695,0.0008268065083014389,0.000652245070023837,0.0008268068426493946,5.926658060515086e-05,-4.651431494377017e-05,-0.784832100465867,train (in-sample),platt
15,209126,217,0.000941946306192508,0.0010376519418914913,0.0008268068426493946,0.0010713564640595725,0.0008268068426493946,0.0010713606518237852,6.70817557375766e-05,9.570563569898333e-05,1.4267014130247748,train (in-sample),platt
16,209126,292,0.001237613663035016,0.001396287405678873,0.0010713634436665927,0.0014337911006901511,0.0010713606518237852,0.0014337920471113284,7.688110583205006e-05,0.00015867374264385702,2.063884759806738,train (in-sample),platt
17,209125,460,0.0017069895591359326,0.002199641362821279,0.0014337958327960338,0.002035212480763494,0.0014337920471113284,0.0020352131794542454,9.026959013928007e-05,0.0004926518036853466,5.457561100313152,train (in-sample),platt
18,209126,668,0.002584931658660229,0.0031942465307996134,0.0020352133541269328,0.0033350183546155547,0.0020352131794542454,0.003335018872783159,0.00011103463772555498,0.0006093148721393843,5.4876107548117705,train (in-sample),platt
19,209126,1340,0.006341876420206293,0.006407620286334554,0.0033350196500345646,0.07732668725312485,0.003335018872783159,0.07732668725312485,0.00017358946547589257,6.574386612826118e-05,0.37873188875848823,train (in-sample),platt
0,52507,1,1.8212274141480168e-05,1.904507970365856e-05,1.0806485378964339e-06,2.9252796206377763e-05,1.0806485378964339e-06,2.9252818024081873e-05,1.8623852866830816e-05,8.328055621783931e-07,0.04471714677587603,holdout (in-time),platt
1,52506,1,3.8167826332487424e-05,1.9045442425627548e-05,2.9253014383418856e-05,4.696272120956572e-05,2.9252818024081873e-05,4.696278223121976e-05,2.6960997641975652e-05,-1.9122383906859876e-05,-0.709260991035739,holdout (in-time),platt
2,52506,2,5.569136745246634e-05,3.8090884851255096e-05,4.696302631783592e-05,6.470832206977514e-05,4.696278223121976e-05,6.470835752670528e-05,3.2566971956871825e-05,-1.7600482601211246e-05,-0.5404396400291505,holdout (in-time),platt
3,52506,1,7.426423298254742e-05,1.9045442425627548e-05,6.470844025954229e-05,8.428217599381406e-05,6.470835752670528e-05,8.428249316720452e-05,3.760704900121517e-05,-5.5218790556919867e-05,-1.4683095861931528,holdout (in-time),platt
4,52506,3,9.488885953191647e-05,5.713632727688264e-05,8.428296892729016e-05,0.00010600531904807337,8.428249316720452e-05,0.00010600547241638235,4.250916169335869e-05,-3.775253225503383e-05,-0.8881034287940804,holdout (in-time),platt
5,52506,0,0.00011840267564368104,0.0,0.00010600562578469134,0.00013138452714013142,0.00010600547241638235,0.00013138489340665195,4.748435890129955e-05,-0.00011840267564368104,-2.49350898660739,holdout (in-time),platt
6,52504,4,0.00014570285660992164,7.618467164406521e-05,0.00013138513758433225,0.0001606459760120388,0.00013138489340665195,0.00016064671383663587,5.2675200378050476e-05,-6.951818496585643e-05,-1.3197516946670098,holdout (in-time),platt
7,52508,9,0.00017738436363196552,0.00017140245295954902,0.00016064671383663587,0.0001954418008251043,0.00016064671383663587,0.00019544222712111265,5.811743076506468e-05,-5.9819106724165005e-06,-0.10292799584685569,holdout (in-time),platt
8,52506,8,0.0002157586914423249,0.00015236353940502038,0.00019544233369511472,0.0002373596682360609,0.00019544222712111265,0.00023736184897133947,6.409628020268037e-05,-6.339515203730451e-05,-0.9890613283148599,holdout (in-time),platt
9,52506,11,0.0002616568085792788,0.000209499866681903,0.00023736209127525924,0.0002875859920702921,0.00023736184897133947,0.00028758679142574584,7.05837499036631e-05,-5.21569418973758e-05,-0.7389369645075913,holdout (in-time),platt
10,52507,10,0.00031795245879879234,0.0001904507970365856,0.00028758679142574584,0.00035059186134980326,0.00028758679142574584,0.0003505920062833427,7.780427096866297e-05,-0.00012750166176220674,-1.6387488781118489,holdout (in-time),platt
11,52506,18,0.00038753037515833644,0.00034281796366129587,0.0003505933106851967,0.0004272521454117871,0.0003505920062833427,0.0004272526150112077,8.589427924887775e-05,-4.471241149704057e-05,-0.5205516815326763,holdout (in-time),platt
12,52506,13,0.0004741632620621937,0.00024759075153315814,0.0004272544934088893,0.0005252627492457838,0.0004272526150112077,0.000525263205354194,9.500719502181763e-05,-0.00022657251052903558,-2.3847931777904297,holdout (in-time),platt
13,52506,35,0.0005871374915685274,0.0006665904848969642,0.000525264269607151,0.0006548424278560734,0.000525263205354194,0.0006548426743638039,0.0001057153146330396,7.94529933284368e-05,0.7515750542315943,holdout (in-time),platt
14,52506,43,0.0007363370318781188,0.0008189540243019846,0.0006548430441253997,0.0008270906472174704,0.0006548426743638039,0.0008270910372869999,0.00011837879141001804,8.261699242386573e-05,0.6979036653424905,holdout (in-time),platt
15,52506,43,0.0009388424239700276,0.0008189540243019846,0.0008270914273565295,0.0010673842332645546,0.0008270910372869999,0.0010673880889955723,0.00013365583489514956,-0.00011988839966804298,-0.8969933842551141,holdout (in-time),platt
16,52506,81,0.0012395947748249593,0.0015426808364758314,0.0010673906594829165,0.0014390424177385024,0.0010673880889955723,0.0014390532016332364,0.00015355574160386988,0.00030308606165087206,1.973785274879189,holdout (in-time),platt
17,52506,115,0.0017077444530288796,0.002190225878947168,0.0014390578233024066,0.0020396580082390993,0.0014390532016332364,0.0020396777452668154,0.00018019213273264662,0.0004824814259182886,2.6775942911678197,holdout (in-time),platt
18,52506,170,0.0025960799089693636,0.003237725212356683,0.002039682679523743,0.003377326311430668,0.0020396777452668154,0.0033774055684625123,0.00022207010421587017,0.0006416453033873193,2.8893817366951295,holdout (in-time),platt
19,52507,316,0.006650542548688576,0.006018245186356105,0.0033774143747993817,0.04557650547620283,0.0033774055684625123,0.04557650547620283,0.00035470798474548216,-0.0006322973623324709,-1.7825856465739578,holdout (in-time),platt
0,123401,4,0.0,3.241464817951232e-05,0.0,0.0,0.0,1.7613386173491855e-05,0.0,3.241464817951232e-05,,train (in-sample),isotonic
1,226018,13,1.7613386173491855e-05,5.7517542850569426e-05,1.7613386173491855e-05,1.7613386173491855e-05,1.7613386173491855e-05,2.4932526350563786e-05,8.827670004598669e-06,3.990415667707757e-05,4.52034983821212,train (in-sample),isotonic
2,634367,29,2.4932526350563786e-05,4.571486221698165e-05,2.4932526350563786e-05,2.4932526350563786e-05,2.4932526350563786e-05,4.117542101867992e-05,6.269132341295685e-06,2.0782335866417867e-05,3.3150258656244347,train (in-sample),isotonic
3,440921,31,4.526166166972411e-05,7.03073793264553e-05,4.117542101867992e-05,0.00013228596944907023,4.117542101867992e-05,0.00014018691588785047,1.0131529806778618e-05,2.504571765673119e-05,2.472056849694511,train (in-sample),isotonic
4,170348,14,0.00014018749031467155,8.218470425247141e-05,0.00014018691588785047,0.00016286794969033825,0.00014018691588785047,0.00017064430413690548,2.868505371622878e-05,-5.800278606220013e-05,-2.0220560378237895,train (in-sample),isotonic
5,166096,23,0.00017064430413690548,0.00013847413543974568,0.00017064430413690548,0.00017064430413690548,0.00017064430413690548,0.00017514611727005586,3.205009000086427e-05,-3.2170168697159796e-05,-1.0037465946676682,train (in-sample),isotonic
6,642048,160,0.00017515978929751513,0.00024920255183413076,0.00017514611727005586,0.000175530981218185,0.00017514611727005586,0.0003391333837685545,1.6515640447048876e-05,7.404276253661563e-05,4.483190511079822,train (in-sample),isotonic
7,308410,102,0.0003391336916785118,0.00033072857559741903,0.0003391333837685545,0.0003688883035449194,0.0003391333837685545,0.00037965072133637056,3.315488979155034e-05,-8.405116081092775e-06,-0.25351060232553857,train (in-sample),isotonic
8,92485,47,0.0006016855470822117,0.000508190517381197,0.00037965072133637056,0.0006295094668539054,0.00037965072133637056,0.0006864090998234948,8.063404480654236e-05,-9.349502970101473e-05,-1.1594981986247683,train (in-sample),isotonic
9,200013,114,0.0006864100770980532,0.0005699629524080935,0.0006864090998234948,0.0008036896695880837,0.0006864090998234948,0.0008362676056338028,5.856169119707547e-05,-0.00011644712468995974,-1.9884522169635535,train (in-sample),isotonic
10,181924,131,0.0008365204703211592,0.0007200809129086871,0.0008362676056338028,0.0008983194528478694,0.0008362676056338028,0.000900133803673519,6.778156065753931e-05,-0.00011643955741247206,-1.717864803980735,train (in-sample),isotonic
11,367603,467,0.0012524405176166993,0.0012703922438064977,0.000900133803673519,0.0016691794098643118,0.000900133803673519,0.0017727877086718866,5.8333347111909296e-05,1.795172618979839e-05,0.30774380484903424,train (in-sample),isotonic
12,204976,451,0.0020826830700708325,0.0022002575911326205,0.0017727877086718866,0.003022924350683937,0.0017727877086718866,0.00314361350099272,0.00010069487472818478,0.00011757452106178796,1.1676316334785461,train (in-sample),isotonic
13,194861,610,0.003143625582698235,0.0031304365676046004,0.00314361350099272,0.004032998050135993,0.00314361350099272,0.004381776304701983,0.0001268145949450756,-1.3189015093634498e-05,-0.10400234373138806,train (in-sample),isotonic
14,229042,1409,0.005687347281156097,0.006151710166694318,0.004381776304701983,0.009289363678588016,0.004381776304701983,0.009289363678588016,0.0001571298852273141,0.00046436288553822116,2.955280498464339,train (in-sample),isotonic
0,31444,0,0.0,0.0,0.0,0.0,0.0,1.7613386173491855e-05,0.0,0.0,,holdout (in-time),isotonic
1,56775,1,1.7613386173491855e-05,1.7613386173491855e-05,1.7613386173491855e-05,1.7613386173491855e-05,1.7613386173491855e-05,2.4932526350563786e-05,1.761323105712257e-05,0.0,0.0,holdout (in-time),isotonic
2,160433,4,2.4932526350563786e-05,2.4932526350563786e-05,2.4932526350563786e-05,2.4932526350563786e-05,2.4932526350563786e-05,4.117542101867992e-05,1.246610776659565e-05,0.0,0.0,holdout (in-time),isotonic
3,110399,5,4.529026531037419e-05,4.529026531037419e-05,4.117542101867992e-05,5.327650506126798e-05,4.117542101867992e-05,0.00014018691588785047,2.02539637213242e-05,0.0,0.0,holdout (in-time),isotonic
4,42800,6,0.00014018691588785047,0.00014018691588785047,0.00014018691588785047,0.00014018691588785047,0.00014018691588785047,0.00017064430413690548,5.72270570925047e-05,0.0,0.0,holdout (in-time),isotonic
5,41021,7,0.00017064430413690548,0.00017064430413690548,0.00017064430413690548,0.00017064430413690548,0.00017064430413690548,0.00017514611727005586,6.449198118616583e-05,0.0,0.0,holdout (in-time),isotonic
6,159854,28,0.00017515983334792998,0.00017515983334792998,0.00017514611727005586,0.000175530981218185,0.00017514611727005586,0.0003391333837685545,3.3099197846004014e-05,0.0,0.0,holdout (in-time),isotonic
7,79300,27,0.00034047919293820933,0.00034047919293820933,0.0003391333837685545,0.00037965072133637056,0.0003391333837685545,0.0006295094668539054,6.551409529011323e-05,0.0,0.0,holdout (in-time),isotonic
8,20651,13,0.0006295094668539054,0.0006295094668539054,0.0006295094668539054,0.0006295094668539054,0.0006295094668539054,0.0006864090998234948,0.00017453954929423396,0.0,0.0,holdout (in-time),isotonic
9,50990,35,0.0006864090998234948,0.0006864090998234948,0.0006864090998234948,0.0006864090998234948,0.0006864090998234948,0.0008362676056338028,0.00011598448733193073,0.0,0.0,holdout (in-time),isotonic
10,46621,39,0.0008365328929023401,0.0008365328929023401,0.0008362676056338028,0.000846740050804403,0.0008362676056338028,0.000900133803673519,0.00013389642819282375,0.0,0.0,holdout (in-time),isotonic
11,91319,114,0.0012483710947338452,0.0012483710947338452,0.000900133803673519,0.0016691794098643118,0.000900133803673519,0.0017727877086718866,0.00011684766251123649,0.0,0.0,holdout (in-time),isotonic
12,52004,108,0.002076763325898008,0.002076763325898008,0.0017727877086718866,0.0027072758037225042,0.0017727877086718866,0.00314361350099272,0.00019962902965386587,0.0,0.0,holdout (in-time),isotonic
13,48352,152,0.00314361350099272,0.00314361350099272,0.00314361350099272,0.00314361350099272,0.00314361350099272,0.004381776304701983,0.0002545796289132025,0.0,0.0,holdout (in-time),isotonic
14,58160,345,0.005762543995103598,0.00593191196698762,0.004381776304701983,0.009289363678588016,0.004381776304701983,0.009289363678588016,0.0003138629036927501,0.00016936797188402217,0.5396240520664449,holdout (in-time),isotonic
0,344304,5,1.2888003155023681e-05,1.4522050281146894e-05,3.911645762855187e-07,2.060647602775134e-05,3.911645762855187e-07,2.0606538600986828e-05,6.118133991981558e-06,1.6340471261232128e-06,0.26708259875720264,test (out-of-time),raw
1,344304,9,2.6401621169090442e-05,2.6139690506064407e-05,2.0606554244295694e-05,3.1937008316162974e-05,2.0606538600986828e-05,3.193702577846125e-05,8.75666086576461e-06,-2.6193066302603434e-07,-0.029912162528765836,test (out-of-time),raw
2,344304,16,3.752486111084629e-05,4.647056089967006e-05,3.193703741999343e-05,4.3211726733716205e-05,3.193702577846125e-05,4.3211742740822964e-05,1.043951599572516e-05,8.945699788823768e-06,0.8569075225792949,test (out-of-time),raw
3,344303,24,4.9224553015453094e-05,6.970604380443969e-05,4.321176675148308e-05,5.5484375479863957e-05,4.3211742740822964e-05,5.548443004954606e-05,1.1956657746241687e-05,2.0481490788986596e-05,1.7129779260784228,test (out-of-time),raw
4,344304,29,6.22501987803625e-05,8.422789163065198e-05,5.548443004954606e-05,6.92876783432439e-05,5.548443004954606e-05,6.928774382686242e-05,1.3445774373296253e-05,2.197769285028948e-05,1.6345427373776178,test (out-of-time),raw
5,344304,42,7.692022319119357e-05,0.0001219852223616339,6.928774382686242e-05,8.491851622238755e-05,6.928774382686242e-05,8.491857443004849e-05,1.4946259906100455e-05,4.506499917044033e-05,3.0151355224357252,test (out-of-time),raw
6,344304,30,9.383586610015146e-05,8.713230168688136e-05,8.49185889819637e-05,0.00010318995191482827,8.491857443004849e-05,0.00010319001303287225,1.650794533891653e-05,-6.703564413270102e-06,-0.4060810885693228,test (out-of-time),raw
7,344304,55,0.00011339925854792168,0.00015974255309261583,0.00010319005377823487,0.00012416424578987062,0.00010319001303287225,0.0001241642923559994,1.814719256382552e-05,4.634329454469415e-05,2.5537445740821934,test (out-of-time),raw
8,344303,74,0.0001361760944305356,0.0002149269683970224,0.00012416436220519245,0.00014898089284542948,0.0001241642923559994,0.00014898103836458176,1.988613857647515e-05,7.875087396648679e-05,3.9600887655307444,test (out-of-time),raw
9,344303,99,0.00016340968730548354,0.00028753743069331373,0.00014898103836458176,0.00017871959425974637,0.00014898103836458176,0.0001787197688827291,2.1783768307316363e-05,0.0001241277433878302,5.698175891181338,test (out-of-time),raw
10,344302,109,0.00019602659492984096,0.0003165825350999994,0.0001787197688827291,0.00021460515563376248,0.0001787197688827291,0.00021460538846440613,2.385861090002287e-05,0.00012055594017015844,5.0529320703261424,test (out-of-time),raw
11,344306,138,0.00023618419695628425,0.0004008062595481926,0.00021460538846440613,0.00025932976859621704,0.00021460538846440613,0.0002593302633613348,2.6187969688075166e-05,0.00016462206259190834,6.286171266910771,test (out-of-time),raw
12,344303,187,0.00028622041249297826,0.0005431262579762593,0.0002593302633613348,0.00031520123593509197,0.0002593302633613348,0.00031520152697339654,2.8828214003934483e-05,0.000256905845483281,8.911611570811097,test (out-of-time),raw
13,344306,201,0.00034927911391776213,0.000583783030211498,0.00031520152697339654,0.00038656260585412383,0.00031520152697339654,0.00038656268152408306,3.184477279103661e-05,0.00023450391629373582,7.363968894755058,test (out-of-time),raw
14,344303,272,0.00043177635345594077,0.0007900018297836499,0.00038656298420391977,0.00048194522969424725,0.00038656268152408306,0.0004819454625248909,3.540505263662777e-05,0.00035822547632770915,10.117919608940571,test (out-of-time),raw
15,344304,313,0.0005440967941137784,0.0009090803475997956,0.0004819454625248909,0.0006142198690213263,0.0004819454625248909,0.0006142201018519702,3.974192213513825e-05,0.00036498355348601715,9.183842498732918,test (out-of-time),raw
16,344304,487,0.0007038566976238448,0.0014144476973837075,0.0006142201600596309,0.0008063068380579352,0.0006142201018519702,0.0008063070825301112,4.519789358577568e-05,0.0007105909997598628,15.721772485067628,test (out-of-time),raw
17,344304,596,0.0009502942407210763,0.0017310283935127097,0.0008063072455115616,0.0011247628135606647,0.0008063070825301112,0.0011247632326558236,5.251115400624999e-05,0.0007807341527916335,14.86796791208795,test (out-of-time),raw
18,344304,810,0.0014013477454799235,0.0023525721455457966,0.001124763861298561,0.0017762461211532354,0.0011247632326558236,0.0017762467730790383,6.375252838064507e-05,0.0009512244000658731,14.92057529681693,test (out-of-time),raw
19,344304,1265,0.0030471610008824834,0.003674078721130164,0.0017762493807822466,0.033467285335063934,0.0017762467730790383,0.033467285335063934,9.393208745802984e-05,0.0006269177202476808,6.674159355053153,test (out-of-time),raw
0,344304,5,1.3842714485716968e-05,1.4522050281146894e-05,4.554741144519987e-07,2.1943439836808633e-05,4.554741144519987e-07,2.1943504967976603e-05,6.3406910201185196e-06,6.793357954299259e-07,0.10713907889131426,test (out-of-time),platt
1,344304,9,2.7953284913173154e-05,2.6139690506064407e-05,2.194352125076859e-05,3.367488763709452e-05,2.1943504967976603e-05,3.367490563460522e-05,9.010301456705525e-06,-1.8135944071087468e-06,-0.20128010320443362,test (out-of-time),platt
2,344304,16,3.941999174315284e-05,4.647056089967006e-05,3.3674917632945687e-05,4.525367920896615e-05,3.367490563460522e-05,4.5253695594632155e-05,1.0699874166020644e-05,7.05056915651722e-06,0.6589394461205494,test (out-of-time),platt
3,344303,24,5.1396547549759094e-05,6.970604380443969e-05,4.525372017313115e-05,5.777977052639023e-05,4.5253695594632155e-05,5.777982607272483e-05,1.2217586127961301e-05,1.8309496254680595e-05,1.4986181446085558,test (out-of-time),platt
4,344304,29,6.465468081475549e-05,8.422789163065198e-05,5.777982607272483e-05,7.179369500144898e-05,5.777982607272483e-05,7.17937613240802e-05,1.3702976466635213e-05,1.957321081589649e-05,1.4283911866560128,test (out-of-time),platt
5,344304,42,7.95117735703163e-05,0.0001219852223616339,7.17937613240802e-05,8.758733594430331e-05,7.17937613240802e-05,8.758739462804243e-05,1.5195934742922221e-05,4.24734487913176e-05,2.7950533817013374,test (out-of-time),platt
6,344304,30,9.656397849678465e-05,8.713230168688136e-05,8.758740929897718e-05,0.00010596650209417907,8.758739462804243e-05,0.00010596656344202219,1.6746172928401428e-05,-9.431676809903286e-06,-0.5632138668475833,test (out-of-time),platt
7,344304,55,0.00011619949220040522,0.00015974255309261583,0.00010596660434058424,0.00012697446379768943,0.00010596656344202219,0.00012697451034435938,1.836986002657181e-05,4.354306089221061e-05,2.370353439232854,test (out-of-time),platt
8,344303,74,0.00013896438160772084,0.0002149269683970224,0.00012697458016436416,0.0001517283257435566,0.00012697451034435938,0.0001517284706057058,2.0088669247516815e-05,7.596258678930156e-05,3.7813648008909992,test (out-of-time),platt
9,344303,99,0.00016607175740333173,0.00028753743069331373,0.0001517284706057058,0.00018127028432313657,0.0001517284706057058,0.0001812704574460727,2.1960459462687257e-05,0.000121465673289982,5.531108012396681,test (out-of-time),platt
10,344302,109,0.00019840438944850435,0.0003165825350999994,0.0001812704574460727,0.00021677208842312795,0.0001812704574460727,0.00021677231830370377,2.4002848175060173e-05,0.00011817814565149505,4.92350511029297,test (out-of-time),platt
11,344306,138,0.00023804655594680533,0.0004008062595481926,0.00021677231830370377,0.00026083299777850697,0.00021677231830370377,0.00026083348419517124,2.6290991118992566e-05,0.00016275970360138725,6.190702467805024,test (out-of-time),platt
12,344303,187,0.00028723000484178114,0.0005431262579762593,0.00026083348419517124,0.00031563722558299446,0.00026083348419517124,0.0003156375104552393,2.8878997902062016e-05,0.00025589625313447815,8.860981049353054,test (out-of-time),platt
13,344306,201,0.0003489406427792603,0.000583783030211498,0.0003156375104552393,0.00038532091934591795,0.0003156375104552393,0.0003853209930729338,3.182934475027613e-05,0.00023484238743223763,7.378172226753123,test (out-of-time),platt
14,344303,272,0.0004292987268844247,0.0007900018297836499,0.00038532128798099695,0.00047801554995212793,0.0003853209930729338,0.00047801577568045155,3.530336930271566e-05,0.0003607031028992252,10.217243000414657,test (out-of-time),platt
15,344304,313,0.0005381583745431236,0.0009090803475997956,0.00047801577568045155,0.0006058916570497643,0.00047801577568045155,0.0006058918815489349,3.9524567496514024e-05,0.000370921973056672,9.384592838097127,test (out-of-time),platt
16,344304,487,0.0006921390249800183,0.0014144476973837075,0.0006058919376737272,0.000790513615058712,0.0006058918815489349,0.0007905138493440906,4.4820354395612026e-05,0.0007223086724036892,16.115639471034708,test (out-of-time),platt
17,344304,596,0.0009281454792490263,0.0017310283935127097,0.0007905140055343426,0.0010944981323099349,0.0007905138493440906,0.0010944985309489003,5.189617565702802e-05,0.0008028829142636834,15.470945673719472,test (out-of-time),platt
18,344304,810,0.0013566541044983769,0.0023525721455457966,0.0010944991289073471,0.0017107780186831746,0.0010944985309489003,0.0017107786324692571,6.272905409085921e-05,0.0009959180410474197,15.876503407892828,test (out-of-time),platt
19,344304,1265,0.002893418553009124,0.003674078721130164,0.0017107810876135841,0.030246350452736954,0.0017107786324692571,0.030246350452736954,9.153883654571125e-05,0.00078066016812104,8.528185386442026,test (out-of-time),platt
0,322005,4,2.734955384775369e-11,1.2422167357649725e-05,0.0,8.806693086745927e-06,0.0,1.7613386173491855e-05,9.216028632829838e-09,1.2422140008095877e-05,1347.8842680506716,test (out-of-time),isotonic
1,597025,22,1.7613386173491855e-05,3.6849378166743436e-05,1.7613386173491855e-05,1.7613386173491855e-05,1.7613386173491855e-05,2.4932526350563786e-05,5.431519526509247e-06,1.9235991993251582e-05,3.5415488979405834,test (out-of-time),isotonic
2,1383582,117,2.4932545615780185e-05,8.45631122694571e-05,2.4932526350563786e-05,3.5344638317304896e-05,2.4932526350563786e-05,4.117542101867992e-05,4.2449780152534666e-06,5.963056665367691e-05,14.047320490095963,test (out-of-time),isotonic
3,569073,90,4.117551233118031e-05,0.00015815194184225925,4.117542101867992e-05,5.0429191168894314e-05,4.117542101867992e-05,5.327650506126798e-05,8.50602341945956e-06,0.00011697642951107894,13.752187566691555,test (out-of-time),isotonic
4,274963,65,5.327934978473055e-05,0.00023639544229587254,5.327650506126798e-05,0.00013228596944907023,5.327650506126798e-05,0.00014018691588785047,1.391972833755102e-05,0.000183116092511142,13.155148439007444,test (out-of-time),isotonic
5,605060,186,0.0001550883125767106,0.00030740752983175225,0.00014018691588785047,0.00017064430413690548,0.00014018691588785047,0.00017514611727005586,1.600872094163603e-05,0.00015231921725504164,9.514764971565254,test (out-of-time),isotonic
6,1068082,534,0.0001751599292117624,0.0004999616134341745,0.00017514611727005586,0.000324697877661169,0.00017514611727005586,0.0003391333837685545,1.2804925133270519e-05,0.0003248016842224121,25.365371592723573,test (out-of-time),isotonic
7,606891,507,0.0003993151758774712,0.0008354053693332081,0.0003391333837685545,0.0006295094668539054,0.0003391333837685545,0.0006864090998234948,2.5645775242848133e-05,0.0004360901934557369,17.004367749707622,test (out-of-time),isotonic
8,292949,368,0.000686409233271717,0.0012561913507129227,0.0006864090998234948,0.0007255026230783577,0.0006864090998234948,0.0008362676056338028,4.838897752618359e-05,0.0005697821174412058,11.77503941125627,test (out-of-time),isotonic
9,460550,758,0.0008652238211093903,0.0016458582130061883,0.0008362676056338028,0.0014108090255373815,0.0008362676056338028,0.0014373376084913484,4.332493085747217e-05,0.000780634391896798,18.018133588369327,test (out-of-time),isotonic
10,344515,803,0.0016077117777757986,0.002330812881877422,0.0014373376084913484,0.0020180999453299707,0.0014373376084913484,0.0020242914979757085,6.82575408623694e-05,0.0007231011041016235,10.593717484777882,test (out-of-time),isotonic
11,361382,1307,0.00338711784647791,0.0036166715553071264,0.0020242914979757085,0.009289363678588016,0.0020242914979757085,0.009289363678588016,9.664850560561232e-05,0.0002295537088292162,2.375139764353337,test (out-of-time),isotonic
0,168887,2,2.1677833242092165e-05,1.1842237709237537e-05,6.916437100096283e-07,3.4153062699812623e-05,6.916437100096283e-07,3.4153104798769235e-05,1.1329353231089748e-05,-9.835595532854628e-06,-0.8681515468918398,test 2004 (sequential),platt fitted on 2003
1,168886,6,4.400291246164213e-05,3.552692348684912e-05,3.415315625304953e-05,5.369828700574246e-05,3.4153104798769235e-05,5.369868598841282e-05,1.614114470844451e-05,-8.475988974793012e-06,-0.5251169683373607,test 2004 (sequential),platt fitted on 2003
2,168887,14,6.353225678608639e-05,8.289566396466276e-05,5.369873031982063e-05,7.351426596271758e-05,5.369868598841282e-05,7.351431345877719e-05,1.9394796823849156e-05,1.9363407178576376e-05,0.9983815429695978,test 2004 (sequential),platt fitted on 2003
3,168886,17,8.431109328537447e-05,0.0001006596165460725,7.351440166574503e-05,9.546167307388543e-05,7.351431345877719e-05,9.54618161787584e-05,2.2342266454951247e-05,1.6348523260698022e-05,0.731730744222462,test 2004 (sequential),platt fitted on 2003
4,168886,26,0.00010731428427961922,0.00015395000177634616,9.546185195497663e-05,0.00011958242289918432,9.54618161787584e-05,0.0001195825311429694,2.5206273114588585e-05,4.663571749672694e-05,1.8501631433064047,test 2004 (sequential),platt fitted on 2003
5,168886,21,0.00013297288361972635,0.0001243442322039719,0.0001195825311429694,0.000146837398014415,0.0001195825311429694,0.00014683767107869,2.8057943862247538e-05,-8.628651415754454e-06,-0.307529712730107,test 2004 (sequential),platt fitted on 2003
6,168888,40,0.00016175136499428349,0.00023684335180711478,0.00014683767107869,0.00017726862199519882,0.00014683767107869,0.00017726866842173976,3.094492639861233e-05,7.50919868128313e-05,2.4266332336857217,test 2004 (sequential),platt fitted on 2003
7,168886,45,0.00019447500515500706,0.0002664519261513684,0.0001772689315054715,0.00021265539185315977,0.00017726866842173976,0.00021265550699781953,3.3930701390862276e-05,7.197692099636133e-05,2.1212918697797716,test 2004 (sequential),platt fitted on 2003
8,168887,64,0.00023265508164105214,0.0003789516066956012,0.000212655583760926,0.00025380775092571467,0.00021265550699781953,0.00025380776330338994,3.711142532852636e-05,0.00014629652505454904,3.9420885551947698,test 2004 (sequential),platt fitted on 2003
9,168886,75,0.0002776166245110378,0.00044408654358561397,0.00025380799847921954,0.00030285665250362405,0.00025380776330338994,0.0003028567847730946,4.053830797839844e-05,0.0001664699190745762,4.106484147371979,test 2004 (sequential),platt fitted on 2003
10,168886,86,0.0003309128622016528,0.0005092192366448374,0.0003028569170425651,0.0003607598859221413,0.0003028567847730946,0.00036076020656730624,4.425762762902562e-05,0.0001783063744431846,4.028828113828799,test 2004 (sequential),platt fitted on 2003
11,168887,102,0.0003947693496053527,0.0006039541231711144,0.0003607602234433675,0.0004309796073572965,0.00036076020656730624,0.0004309797710845678,4.833790929693987e-05,0.00020918477356576175,4.327551121020549,test 2004 (sequential),platt fitted on 2003
12,168886,118,0.0004728861322442314,0.0006986961619080326,0.0004309800166754743,0.0005179724152237622,0.0004309797710845678,0.0005179738270860459,5.290281161656787e-05,0.0002258100296638012,4.26839373491981,test 2004 (sequential),platt fitted on 2003
13,168887,145,0.0005705636311065949,0.0008585622339197215,0.0005179740762382135,0.0006281042244967089,0.0005179738270860459,0.0006281046527156328,5.810720691924195e-05,0.0002879986028131266,4.956331892073049,test 2004 (sequential),platt fitted on 2003
14,168886,185,0.0006959961009540478,0.0010954134741778478,0.0006281056518931208,0.0007704587530622974,0.0006281046527156328,0.0007704595691894695,6.417345064795462e-05,0.00039941737322379996,6.224028304398658,test 2004 (sequential),platt fitted on 2003
15,168887,272,0.0008609776785962431,0.0016105443284563051,0.0007704598412318601,0.000959824850680597,0.0007704595691894695,0.0009598250374785911,7.136919464293744e-05,0.000749566649860062,10.50266369979611,test 2004 (sequential),platt fitted on 2003
16,168886,298,0.00108616177468642,0.001764503866513506,0.0009598257846705662,0.0012319760781066057,0.0009598250374785911,0.0012319764476075082,8.015201543315783e-05,0.000678342091827086,8.463194445719013,test 2004 (sequential),platt fitted on 2003
17,168887,378,0.0014265888790014828,0.0022381829270458945,0.0012319766465695324,0.001656045910108115,0.0012319764476075082,0.0016560462186951926,9.184199426019593e-05,0.0008115940480444117,8.836851318200898,test 2004 (sequential),platt fitted on 2003
18,168886,462,0.0020168685531177545,0.002735573108487382,0.0016560489959788886,0.002492280565425789,0.0016560462186951926,0.002492283141180947,0.00010917006596391808,0.0007187045553696276,6.583348182707588,test 2004 (sequential),platt fitted on 2003
19,168887,722,0.004023668054133343,0.004275047813034751,0.002492285248616983,0.025725360346788444,0.002492283141180947,0.025725360346788444,0.00015404140492288515,0.0002513797589014082,1.6318973397266257,test 2004 (sequential),platt fitted on 2003
0,168887,2,1.4306451126664082e-05,1.1842237709237537e-05,3.911645762855187e-07,2.2904581783222966e-05,3.911645762855187e-07,2.2904611250851305e-05,9.20374845410673e-06,-2.4642134174265454e-06,-0.2677401962596021,test 2004 (sequential),raw
1,168886,6,2.9850150934535317e-05,3.552692348684912e-05,2.2904647266841494e-05,3.673200626508333e-05,2.2904611250851305e-05,3.673229111882393e-05,1.3294437262215006e-05,5.676772552313799e-06,0.42700359859895143,test 2004 (sequential),raw
2,168887,14,4.378765300382247e-05,8.289566396466276e-05,3.6732322769239545e-05,5.098236579215154e-05,3.673229111882393e-05,5.098240017105128e-05,1.6101569640645066e-05,3.9108010960840294e-05,2.428832209135701,test 2004 (sequential),raw
3,168886,17,5.8829053445829104e-05,0.0001006596165460725,5.098246401757933e-05,6.69635774102062e-05,5.098240017105128e-05,6.696368218399585e-05,1.8663209472797385e-05,4.183056310024339e-05,2.2413381343232337,test 2004 (sequential),raw
4,168886,26,7.567136975320592e-05,0.00015395000177634616,6.696370837744325e-05,8.471412729704753e-05,6.696368218399585e-05,8.471420733258128e-05,2.1166670068191376e-05,7.827863202314024e-05,3.698202493399043,test 2004 (sequential),raw
5,168886,21,9.464606097650866e-05,0.0001243442322039719,8.471420733258128e-05,0.00010496041795704514,8.471420733258128e-05,0.00010496062168385834,2.3671942325737753e-05,2.9698171227463238e-05,1.254572642109446,test 2004 (sequential),raw
6,168888,40,0.00011611921766535551,0.00023684335180711478,0.00010496062168385834,0.00012776126095559448,0.00010496062168385834,0.00012776129588019106,2.621968306580151e-05,0.00012072413414175927,4.604332319303298,test 2004 (sequential),raw
7,168886,45,0.00014074041035661654,0.0002664519261513684,0.00012776149378623813,0.00015449075726792216,0.00012776129588019106,0.00015449084457941353,2.886569497347503e-05,0.00012571151579475186,4.355048991900919,test 2004 (sequential),raw
8,168887,64,0.00016969649652691756,0.0003789516066956012,0.00015449090278707445,0.0001858204632299021,0.00015449084457941353,0.000185820472688647,3.1695782294734546e-05,0.00020925511016868363,6.601985974753684,test 2004 (sequential),raw
9,168886,75,0.00020406312164997453,0.00044408654358561397,0.00018582065240480006,0.00022345237084664404,0.000185820472688647,0.00022345247271005064,3.475690700136567e-05,0.00024002342193563944,6.905776222441439,test 2004 (sequential),raw
10,168886,86,0.0002451159125134735,0.0005092192366448374,0.00022345257457345724,0.0002682213671505451,0.00022345247271005064,0.00026822161598829555,3.8092168371351604e-05,0.0002641033241313639,6.933270943168229,test 2004 (sequential),raw
11,168887,102,0.00029468533408719827,0.0006039541231711144,0.00026822162908501923,0.00032293517142534256,0.00026822161598829555,0.0003229352994821967,4.176544865270286e-05,0.0003092687890839162,7.404895650843243,test 2004 (sequential),raw
12,168886,118,0.0003558025073193746,0.0006986961619080326,0.0003229354915674776,0.0003912592073902488,0.0003229352994821967,0.00039126032061176385,4.589130438331906e-05,0.000342893654588658,7.471865513443452,test 2004 (sequential),raw
13,168887,145,0.0004328465105584044,0.0008585622339197215,0.00039126051706261933,0.00047847648966126144,0.00039126032061176385,0.0004784768301760781,5.061448683012593e-05,0.0004257157233613171,8.410946154410668,test 2004 (sequential),raw
14,168886,185,0.0005326297927333519,0.0010954134741778478,0.00047847762471064925,0.0005922028794884682,0.0004784768301760781,0.0005922035343246534,5.614359432235236e-05,0.0005627836814444959,10.024005200187828,test 2004 (sequential),raw
15,168887,272,0.0006650756552534674,0.0016105443284563051,0.0005922037526033819,0.0007449096883647144,0.0005922035343246534,0.0007449098397046328,6.273255087638378e-05,0.0009454686732028377,15.071420817334685,test 2004 (sequential),raw
16,168886,298,0.000847652459066294,0.001764503866513506,0.0007449104450643063,0.0009666709811426699,0.0007449098397046328,0.0009666712838225068,7.081543786518066e-05,0.000916851407447212,12.947055544480648,test 2004 (sequential),raw
17,168887,378,0.0011268092850084137,0.0022381829270458945,0.0009666714468039572,0.0013164473930373788,0.0009666712838225068,0.0013164476491510872,8.163610514569233e-05,0.0011113736420374808,13.613751416166433,test 2004 (sequential),raw
18,168886,462,0.0016177927833483984,0.002735573108487382,0.001316449954174459,0.002017256338149309,0.0013164476491510872,0.0020172585151158285,9.779418648971887e-05,0.0011177803251389837,11.429926105643267,test 2004 (sequential),raw
19,168887,722,0.003339072231195895,0.004275047813034751,0.0020172602962702513,0.023132534697651863,0.0020172585151158285,0.023132534697651863,0.00014037459386436303,0.0009359755818388561,6.667699304214854,test 2004 (sequential),raw
